t,0,0.01,0.02,0.03,0.04,0.05,0.06,0.07,0.08,0.09,0.1,0.11,0.12,0.13,0.14,0.15,0.16,0.17,0.18,0.19,0.2,0.21,0.22,0.23,0.24,0.25,0.26,0.27,0.28,0.29,0.3,0.31,0.32,0.33,0.34,0.35,0.36,0.37,0.38,0.39,0.4,0.41,0.42,0.43,0.44,0.45,0.46,0.47,0.48,0.49,0.5,0.51,0.52,0.53,0.54,0.55,0.56,0.57,0.58,0.59,0.6,0.61,0.62,0.63,0.64,0.65,0.66,0.67,0.68,0.69,0.7,0.71,0.72,0.73,0.74,0.75,0.76,0.77,0.78,0.79,0.8,0.81,0.82,0.83,0.84,0.85,0.86,0.87,0.88,0.89,0.9,0.91,0.92,0.93,0.94,0.95,0.96,0.97,0.98,0.99,1
dp1,-0.868685770691052,-0.887549127111527,-0.906412483532002,-0.925275839952476,-0.944139196372951,-0.963002552793426,-0.981865909213901,-1.00072926563438,-1.01959262205485,-1.03845597847533,-1.0573193348958,-1.07618269131628,-1.09504604773675,-1.11390940415723,-1.1327727605777,-1.15163611699817,-1.17049947341865,-1.18936282983912,-1.2082261862596,-1.22708954268007,-1.24595289910055,-1.26481625552102,-1.28367961194149,-1.30254296836197,-1.32140632478244,-1.34026968120292,-1.35913303762339,-1.37799639404387,-1.39685975046434,-1.41572310688482,-1.4345864633053,-1.45344981972577,-1.47231317614625,-1.49117653256672,-1.5100398889872,-1.52890324540767,-1.54776660182814,-1.56662995824862,-1.58549331466909,-1.60435667108957,-1.62322002751004,-1.64208338393052,-1.66094674035099,-1.67981009677147,-1.69867345319194,-1.71753680961241,-1.73640016603289,-1.75526352245336,-1.77412687887384,-1.79299023529431,-1.81185359171478,-1.83071694813526,-1.84958030455574,-1.86844366097622,-1.88730701739669,-1.90617037381717,-1.92503373023764,-1.94389708665811,-1.96276044307859,-1.98162379949906,-2.00048715591954,-2.01935051234001,-2.03821386876049,-2.05707722518096,-2.07594058160144,-2.09480393802191,-2.11366729444238,-2.13253065086286,-2.15139400728333,-2.17025736370381,-2.18912072012428,-2.20798407654476,-2.22684743296523,-2.2457107893857,-2.26457414580618,-2.28343750222666,-2.30230085864714,-2.32116421506761,-2.34002757148809,-2.35889092790856,-2.37775428432903,-2.39661764074951,-2.41548099716998,-2.43434435359046,-2.45320771001093,-2.47207106643141,-2.49093442285188,-2.50979777927235,-2.52866113569283,-2.5475244921133,-2.56638784853378,-2.58525120495425,-2.60411456137473,-2.6229779177952,-2.64184127421567,-2.66070463063615,-2.67956798705662,-2.6984313434771,-2.71729469989758,-2.73615805631806,-2.75502141273853
dp2,-0.248878606482306,-0.257283112887422,-0.265687619292538,-0.274092125697654,-0.28249663210277,-0.290901138507886,-0.299305644913002,-0.307710151318119,-0.316114657723235,-0.324519164128351,-0.332923670533467,-0.341328176938583,-0.349732683343699,-0.358137189748815,-0.366541696153931,-0.374946202559047,-0.383350708964163,-0.391755215369279,-0.400159721774395,-0.408564228179511,-0.416968734584628,-0.425373240989744,-0.43377774739486,-0.442182253799976,-0.450586760205092,-0.458991266610208,-0.467395773015324,-0.47580027942044,-0.484204785825556,-0.492609292230672,-0.501013798635788,-0.509418305040904,-0.51782281144602,-0.526227317851137,-0.534631824256253,-0.543036330661369,-0.551440837066485,-0.559845343471601,-0.568249849876717,-0.576654356281833,-0.585058862686949,-0.593463369092065,-0.601867875497181,-0.610272381902297,-0.618676888307414,-0.62708139471253,-0.635485901117646,-0.643890407522762,-0.652294913927878,-0.660699420332994,-0.66910392673811,-0.677508433143226,-0.685912939548342,-0.694317445953458,-0.702721952358574,-0.711126458763691,-0.719530965168807,-0.727935471573923,-0.736339977979039,-0.744744484384155,-0.753148990789271,-0.761553497194387,-0.769958003599503,-0.778362510004619,-0.786767016409735,-0.795171522814851,-0.803576029219967,-0.811980535625083,-0.820385042030199,-0.828789548435315,-0.837194054840432,-0.845598561245548,-0.854003067650664,-0.86240757405578,-0.870812080460896,-0.879216586866012,-0.887621093271128,-0.896025599676244,-0.90443010608136,-0.912834612486476,-0.921239118891592,-0.929643625296708,-0.938048131701825,-0.94645263810694,-0.954857144512057,-0.963261650917173,-0.971666157322289,-0.980070663727405,-0.988475170132521,-0.996879676537635,-1.00528418294275,-1.01368868934787,-1.02209319575299,-1.0304977021581,-1.03890220856322,-1.04730671496833,-1.05571122137345,-1.06411572777856,-1.07252023418368,-1.08092474058879,-1.08932924699391
dp3,2.39702922132914,2.38343111063178,2.36983299993442,2.35623488923707,2.34263677853972,2.32903866784236,2.315440557145,2.30184244644764,2.28824433575029,2.27464622505293,2.26104811435557,2.24745000365822,2.23385189296086,2.2202537822635,2.20665567156615,2.19305756086879,2.17945945017143,2.16586133947407,2.15226322877672,2.13866511807936,2.12506700738201,2.11146889668465,2.09787078598729,2.08427267528993,2.07067456459258,2.05707645389522,2.04347834319787,2.02988023250051,2.01628212180315,2.00268401110579,1.98908590040844,1.97548778971108,1.96188967901372,1.94829156831637,1.93469345761901,1.92109534692165,1.9074972362243,1.89389912552694,1.88030101482958,1.86670290413223,1.85310479343487,1.83950668273752,1.82590857204016,1.8123104613428,1.79871235064544,1.78511423994808,1.77151612925073,1.75791801855338,1.74431990785602,1.73072179715866,1.7171236864613,1.70352557576394,1.68992746506659,1.67632935436923,1.66273124367188,1.64913313297452,1.63553502227716,1.6219369115798,1.60833880088245,1.59474069018509,1.58114257948773,1.56754446879038,1.55394635809302,1.54034824739567,1.52675013669831,1.51315202600095,1.49955391530359,1.48595580460623,1.47235769390888,1.45875958321152,1.44516147251417,1.43156336181681,1.41796525111945,1.40436714042209,1.39076902972474,1.37717091902738,1.36357280833003,1.34997469763267,1.33637658693531,1.32277847623796,1.3091803655406,1.29558225484324,1.28198414414589,1.26838603344853,1.25478792275117,1.24118981205382,1.22759170135646,1.2139935906591,1.20039547996174,1.18679736926438,1.17319925856703,1.15960114786967,1.14600303717232,1.13240492647496,1.1188068157776,1.10520870508025,1.09161059438289,1.07801248368554,1.06441437298818,1.05081626229082,1.03721815159346
dv1,0,-0.0377267128409496,-0.0754534256818988,-0.113180138522849,-0.150906851363799,-0.188633564204748,-0.226360277045707,-0.264086989886672,-0.301813702727612,-0.339540415568542,-0.377267128409486,-0.414993841250435,-0.452720554091384,-0.490447266932332,-0.528173979773281,-0.56590069261423,-0.603627405455178,-0.641354118296123,-0.679080831137072,-0.716807543978024,-0.754534256818968,-0.792260969659921,-0.829987682500875,-0.867714395341819,-0.905441108182767,-0.943167821023716,-0.980894533864659,-1.01862124670561,-1.05634795954662,-1.09407467238771,-1.1318013852287,-1.1695280980695,-1.20725481091035,-1.24498152375131,-1.28270823659225,-1.3204349494332,-1.35816166227415,-1.3958883751151,-1.43361508795605,-1.471341800797,-1.50906851363794,-1.54679522647889,-1.58452193931985,-1.62224865216078,-1.65997536500173,-1.69770207784268,-1.73542879068363,-1.77315550352459,-1.81088221636553,-1.84860892920648,-1.88633564204744,-1.84860892920672,-1.81088221636599,-1.77315550352484,-1.73542879068366,-1.69770207784268,-1.65997536500172,-1.62224865216078,-1.58452193931985,-1.54679522647889,-1.50906851363795,-1.471341800797,-1.43361508795605,-1.3958883751151,-1.35816166227414,-1.3204349494332,-1.28270823659227,-1.2449815237513,-1.20725481091034,-1.16952809806941,-1.13180138522846,-1.09407467238751,-1.05634795954656,-1.01862124670569,-0.980894533864861,-0.943167821023894,-0.905441108182831,-0.867714395341819,-0.82998768250086,-0.792260969659921,-0.754534256818973,-0.716807543978024,-0.679080831137076,-0.641354118296127,-0.603627405455185,-0.56590069261423,-0.528173979773281,-0.490447266932332,-0.452720554091378,-0.414993841250435,-0.377267128409486,-0.339540415568538,-0.301813702727589,-0.264086989886637,-0.226360277045692,-0.188633564204743,-0.150906851363814,-0.113180138522875,-0.0754534256819071,-0.0377267128409491,0
dv2,0,-0.0168090128102321,-0.0336180256204642,-0.0504270384306965,-0.0672360512409289,-0.0840450640511609,-0.100854076861393,-0.117663089671625,-0.134472102481857,-0.15128111529209,-0.168090128102322,-0.184899140912554,-0.201708153722786,-0.218517166533019,-0.23532617934325,-0.252135192153482,-0.268944204963715,-0.285753217773946,-0.302562230584178,-0.319371243394411,-0.336180256204645,-0.352989269014876,-0.369798281825107,-0.386607294635339,-0.403416307445571,-0.420225320255806,-0.437034333066038,-0.453843345876269,-0.470652358686499,-0.48746137149673,-0.504270384306965,-0.521079397117197,-0.537888409927429,-0.554697422737662,-0.571506435547894,-0.588315448358126,-0.605124461168358,-0.62193347397859,-0.638742486788823,-0.655551499599059,-0.672360512409287,-0.689169525219514,-0.705978538029751,-0.722787550839988,-0.739596563650216,-0.756405576460443,-0.773214589270675,-0.790023602080907,-0.806832614891144,-0.823641627701382,-0.840450640511609,-0.823641627701371,-0.806832614891144,-0.790023602080917,-0.773214589270685,-0.756405576460448,-0.739596563650211,-0.722787550839983,-0.705978538029751,-0.689169525219514,-0.672360512409287,-0.655551499599055,-0.638742486788818,-0.62193347397859,-0.605124461168358,-0.58831544835813,-0.571506435547894,-0.554697422737658,-0.537888409927429,-0.521079397117194,-0.504270384306965,-0.487461371496736,-0.470652358686501,-0.453843345876266,-0.437034333066036,-0.420225320255807,-0.403416307445575,-0.38660729463534,-0.369798281825105,-0.352989269014873,-0.336180256204641,-0.319371243394411,-0.302562230584177,-0.285753217773945,-0.268944204963717,-0.252135192153484,-0.235326179343252,-0.218517166533012,-0.201708153722755,-0.184899140912522,-0.168090128102354,-0.151281115292152,-0.134472102481874,-0.117663089671612,-0.100854076861382,-0.0840450640511515,-0.0672360512409203,-0.0504270384306909,-0.0336180256204606,-0.0168090128102301,0
dv3,0,-0.0271962213947172,-0.0543924427894256,-0.0815886641841237,-0.108784885578848,-0.135981106973582,-0.163177328368279,-0.190373549762955,-0.217569771157692,-0.244765992552451,-0.271962213947172,-0.299158435341889,-0.326354656736559,-0.353550878131214,-0.380747099525954,-0.407943320920738,-0.435139542315476,-0.462335763710185,-0.489531985104854,-0.516728206499475,-0.543924427894202,-0.571120649289024,-0.59831687068373,-0.625513092078323,-0.652709313473032,-0.679905534867864,-0.707101756262648,-0.734297977657377,-0.76149419905202,-0.788690420446587,-0.815886641841277,-0.843082863236144,-0.870279084630951,-0.897475306025668,-0.924671527420333,-0.95186774881487,-0.979063970209508,-1.00626019160441,-1.03345641299922,-1.06065263439373,-1.08784885578833,-1.11504507718324,-1.14224129857812,-1.16943751997284,-1.19663374136753,-1.22382996276204,-1.25102618415655,-1.27822240555148,-1.30541862694642,-1.33261484834114,-1.35981106973587,-1.33261484834092,-1.30541862694596,-1.27822240555147,-1.25102618415698,-1.22382996276227,-1.19663374136755,-1.16943751997265,-1.14224129857774,-1.11504507718317,-1.08784885578865,-1.06065263439382,-1.03345641299893,-1.00626019160432,-0.979063970209772,-0.951867748815103,-0.924671527420385,-0.897475306025566,-0.870279084630695,-0.843082863236021,-0.815886641841457,-0.7886904204468,-0.761494199052076,-0.734297977657293,-0.707101756262463,-0.679905534867753,-0.652709313473149,-0.625513092078445,-0.598316870683622,-0.571120649288894,-0.543924427894282,-0.516728206499619,-0.489531985104906,-0.462335763710163,-0.435139542315373,-0.407943320920635,-0.380747099525995,-0.353550878131327,-0.326354656736604,-0.299158435341877,-0.271962213947114,-0.244765992552373,-0.217569771157706,-0.190373549763014,-0.163177328368269,-0.135981106973541,-0.108784885578851,-0.0815886641841524,-0.0543924427894345,-0.027196221394717,0
da1,-3.77267128409494,-3.77267128409494,-3.77267128409495,-3.77267128409499,-3.77267128409498,-3.77267128409543,-3.77267128409617,-3.77267128409525,-3.77267128409351,-3.77267128409371,-3.77267128409466,-3.77267128409486,-3.77267128409486,-3.77267128409486,-3.77267128409486,-3.77267128409486,-3.77267128409468,-3.77267128409466,-3.77267128409505,-3.77267128409484,-3.77267128409486,-3.77267128409533,-3.77267128409486,-3.77267128409462,-3.77267128409486,-3.77267128409458,-3.77267128409486,-3.77267128409826,-3.77267128410484,-3.77267128410375,-3.77267128408936,-3.77267128408252,-3.77267128409039,-3.77267128409522,-3.77267128409486,-3.77267128409486,-3.77267128409486,-3.77267128409486,-3.77267128409486,-3.77267128409442,-3.77267128409486,-3.77267128409577,-3.77267128409439,-3.77267128409391,-3.77267128409484,-3.77267128409484,-3.77267128409536,-3.77267128409537,-3.77267128409486,-3.77267128409542,-1.19682042054592e-11,3.7726712840725,3.77267128409431,3.77267128411677,3.7726712841079,3.77267128409686,3.77267128409482,3.7726712840934,3.77267128409439,3.77267128409534,3.77267128409488,3.77267128409486,3.77267128409486,3.77267128409566,3.77267128409486,3.77267128409332,3.77267128409488,3.77267128409633,3.77267128409484,3.77267128409413,3.77267128409486,3.77267128409488,3.77267128409128,3.77267128408505,3.77267128408958,3.77267128410148,3.77267128410375,3.77267128409856,3.77267128409486,3.77267128409438,3.77267128409487,3.77267128409484,3.77267128409485,3.77267128409451,3.77267128409486,3.77267128409522,3.77267128409487,3.77267128409513,3.77267128409487,3.7726712840946,3.77267128409487,3.77267128409487,3.77267128409502,3.77267128409485,3.77267128409469,3.77267128409389,3.7726712840934,3.77267128409536,3.77267128409631,3.77267128409536,3.77267128409494
da2,-1.68090128102321,-1.68090128102321,-1.68090128102322,-1.68090128102323,-1.68090128102322,-1.68090128102319,-1.6809012810232,-1.68090128102321,-1.68090128102324,-1.68090128102324,-1.68090128102322,-1.68090128102322,-1.68090128102325,-1.68090128102322,-1.68090128102314,-1.68090128102322,-1.68090128102321,-1.68090128102317,-1.68090128102326,-1.68090128102332,-1.68090128102322,-1.6809012810231,-1.68090128102315,-1.68090128102321,-1.68090128102335,-1.68090128102336,-1.68090128102315,-1.68090128102307,-1.68090128102305,-1.68090128102329,-1.68090128102338,-1.68090128102322,-1.68090128102322,-1.68090128102322,-1.68090128102322,-1.68090128102322,-1.68090128102322,-1.68090128102322,-1.68090128102343,-1.68090128102322,-1.68090128102277,-1.68090128102322,-1.68090128102368,-1.68090128102322,-1.68090128102273,-1.68090128102296,-1.68090128102321,-1.68090128102347,-1.68090128102375,-1.68090128102322,5.44009282066327e-13,1.68090128102322,1.68090128102268,1.68090128102297,1.68090128102348,1.68090128102372,1.68090128102321,1.68090128102296,1.68090128102345,1.68090128102322,1.68090128102299,1.68090128102343,1.68090128102322,1.68090128102301,1.68090128102302,1.68090128102322,1.6809012810236,1.68090128102322,1.68090128102319,1.68090128102321,1.68090128102289,1.68090128102322,1.68090128102353,1.68090128102322,1.68090128102293,1.68090128102308,1.68090128102336,1.68090128102348,1.68090128102333,1.68090128102321,1.6809012810231,1.6809012810232,1.6809012810233,1.68090128102303,1.68090128102304,1.68090128102323,1.68090128102359,1.68090128102483,1.68090128102452,1.68090128102008,1.68090128101848,1.68090128102398,1.68090128102703,1.68090128102462,1.68090128102302,1.68090128102307,1.68090128102303,1.68090128102299,1.68090128102304,1.68090128102303,1.68090128102321
da3,-2.71962213947128,-2.71962213947128,-2.71962213947032,-2.7196221394711,-2.7196221394729,-2.71962213947159,-2.71962213946868,-2.71962213947061,-2.71962213947479,-2.71962213947403,-2.71962213947192,-2.71962213946932,-2.71962213946624,-2.71962213946977,-2.71962213947621,-2.71962213947607,-2.71962213947235,-2.71962213946892,-2.7196221394645,-2.71962213946741,-2.71962213947745,-2.71962213947639,-2.71962213946491,-2.71962213946511,-2.71962213947707,-2.71962213948078,-2.71962213947565,-2.71962213946862,-2.7196221394605,-2.71962213946283,-2.71962213947787,-2.71962213948371,-2.7196221394762,-2.71962213946909,-2.71962213946006,-2.71962213945877,-2.71962213947681,-2.71962213948562,-2.71962213946617,-2.71962213945565,-2.71962213947565,-2.71962213948949,-2.71962213947992,-2.71962213947026,-2.71962213945973,-2.71962213945123,-2.71962213947223,-2.71962213949315,-2.7196221394832,-2.71962213947281,1.14241949233929e-11,2.71962213949573,2.7196221394723,2.71962213944879,2.71962213945973,2.71962213947171,2.71962213948125,2.71962213949034,2.71962213947402,2.71962213945438,2.71962213946768,2.7196221394864,2.71962213947502,2.71962213945767,2.71962213946064,2.71962213946933,2.71962213947685,2.71962213948451,2.71962213947725,2.71962213946192,2.71962213946105,2.71962213946904,2.71962213947532,2.71962213948065,2.71962213947701,2.71962213946568,2.71962213946539,2.71962213947635,2.71962213947757,2.71962213946702,2.71962213946375,2.7196221394688,2.7196221394728,2.71962213947667,2.71962213947638,2.71962213946891,2.71962213946542,2.71962213946953,2.71962213947248,2.71962213947448,2.71962213947521,2.71962213947044,2.71962213946794,2.71962213947184,2.71962213947368,2.71962213947088,2.71962213946942,2.71962213947084,2.71962213947177,2.71962213947172,2.71962213947128
tau1,40.7774489537557,40.8040101048132,40.8089909475951,40.7928276744789,40.7559729285727,40.6988949494164,40.6220766940335,40.5260149348236,40.4112193358116,40.278211508895,40.1275240517206,39.9596995688012,39.775289677633,39.5748540015723,39.3589591512204,39.1281776961285,38.8830871286554,38.6242688218246,38.3523069830529,38.0677876056334,37.7712974198388,37.4634228455895,37.1447489485521,36.8158584015566,36.4773304532822,36.1297399060484,35.7736561045902,35.4096419377049,35.038252854614,34.6600358978557,34.2755287543802,33.8852588266904,33.4897423260421,33.0894833890058,32.6849732189395,32.2766892544185,31.8650943659861,31.4506360826337,31.0337458495801,30.6148383187172,30.1943106730592,29.7725419864984,29.3498926200644,28.9267036557952,28.5032963694166,28.0799717427234,27.6570100166143,27.2346702857126,26.8131901352635,26.3927853210737,40.1409479167157,53.3483681210703,52.3839795321084,51.4159325628592,50.4450639265881,49.4721940301848,48.4981259779879,47.523644612101,46.5495155904823,45.5764845038927,44.6052760332792,43.6365931487561,42.6711163513064,41.7095029583629,40.7523864342136,39.8003757662161,38.8540548875701,37.913982147403,36.9806898289199,36.0546837161074,35.1364427094344,34.2264184910201,33.3250352395435,32.4326893950923,31.5497494740859,30.6765559341444,29.8134210890827,28.960629073866,28.118435859012,27.2870693142642,26.4667293211727,25.657587934026,24.8597895885123,24.0734513574222,23.2986632526799,22.535488572806,21.7839642949345,21.0441015103632,20.3158859025489,19.5992782664389,18.8942150678758,18.2006090418389,17.518349828154,16.8473046432407,16.1873189864632,15.538217379548,14.8998041374994,14.2718641693636,13.6541638071803,13.0464516614492,12.4484595013078
tau2,-18.3588427373894,-18.6909399897846,-19.0333717194378,-19.3859137242688,-19.7483287366468,-20.1203664689417,-20.5017636728126,-20.8922442123798,-21.2915191514337,-21.6992868548616,-22.1152331044102,-22.5390312288468,-22.9703422486678,-23.4088150354257,-23.8540864856987,-24.3057817098064,-24.7635142352831,-25.2268862250809,-25.6954887105212,-26.1689018389906,-26.6466951362753,-27.1284277835136,-27.6136489087261,-28.1018978927154,-28.592704689206,-29.0855901591745,-29.5800664192079,-30.075637203583,-30.5717982399095,-31.0680376381702,-31.5638362927864,-32.0586682975207,-32.5520013729857,-33.0432973062881,-33.5320124024983,-34.0175979477147,-34.4995006832143,-34.9771632902851,-35.4500248854902,-35.9175215257874,-36.3790867229231,-36.8341519667788,-37.2821472572771,-37.7225016441569,-38.1546437740151,-38.5780024442494,-38.9920071632415,-39.3960887160933,-39.7896797355663,-40.172215277462,-25.3138614822607,-10.1938956861029,-10.2900832158001,-10.3730143654507,-10.4425600369039,-10.4985998934621,-10.5410224248165,-10.5697250063297,-10.5846139525662,-10.5856045648924,-10.5726211734437,-10.5455971734985,-10.504475055999,-10.4492064323778,-10.3797520539879,-10.2960818259259,-10.1981748151864,-10.0860192533723,-9.95961253393103,-9.81896120390168,-9.66408095024785,-9.4949965808395,-9.31174200000747,-9.11436017871625,-8.9029031194616,-8.67743181581213,-8.43801620668552,-8.18473512542267,-7.91767624355129,-7.63693600926787,-7.3426195807741,-7.03484075446917,-6.71372188791603,-6.37939381762452,-6.03199577174385,-5.67167527762495,-5.29858806426083,-4.91289795968976,-4.5147767833511,-4.10440423332082,-3.68196776851422,-3.24766248606571,-2.80169099370875,-2.34426327701893,-1.87559656188006,-1.39591517218079,-0.905450382565778,-0.404440266395454,0.106870461009972,0.62823060384784,1.15938265195824
tau3,-2.21225560633911,-2.26218850250991,-2.31670253734681,-2.37577927364587,-2.43939312755595,-2.50751136144128,-2.58009408720502,-2.65709428012912,-2.73845780328872,-2.82412344262096,-2.91402295267574,-3.00808111303056,-3.10621579542169,-3.20833804157501,-3.31435215168594,-3.4241557835616,-3.53764006236492,-3.65468970085654,-3.77518313008746,-3.8989926404653,-4.02598453303093,-4.15601928086293,-4.28895170050655,-4.42463113319142,-4.56290163565594,-4.70360218048302,-4.8465668657387,-4.99162513360695,-5.13860199783482,-5.28731827977835,-5.43759085271245,-5.58923289417433,-5.74205414609638,-5.89586118232092,-6.05045768318514,-6.20564471693427,-6.36122102751358,-6.51698332837997,-6.6727266020813,-6.82824440511637,-6.98332917755976,-7.13777255718039,-7.29136569771866,-7.44389959071294,-7.59516539039291,-7.74495474135456,-7.8930601084537,-8.03927510834766,-8.18339484243259,-8.32521623055402,-3.70773452074466,0.936027155158451,0.82854361618401,0.726681438357255,0.630497055797576,0.540040522199141,0.455355455232837,0.376478987693663,0.303441725541857,0.236267712992461,0.17497440446477,0.11957264345775,0.070066648556125,0.0264540064581711,-0.0112743281261967,-0.0431340255563546,-0.0691473672520582,-0.0893432247498192,-0.103757031813731,-0.112430749545434,-0.115412824613352,-0.11275814063432,-0.10452796264347,-0.0907898747570544,-0.0716177111118403,-0.0470914800560696,-0.0172972816982284,0.0176727810899058,0.0577206982337009,0.102742654513293,0.152629137958193,0.207265054497562,0.26652984886591,0.330297631641658,0.398437312269762,0.470812738021054,0.547282838771054,0.627701777440789,0.711919106026986,0.799779927120683,0.891125060728217,0.985791216257679,1.08361116957433,1.18441394496427,1.28802500183027,1.39426642598184,1.50295712535599,1.61391302997931,1.72694729601255,1.84187051370071,1.95849091902266
m1,-16.9738966813213,-16.9611653958681,-16.9464966822941,-16.9298849776492,-16.9113260347549,-16.890816936506,-16.8683561089457,-16.8439433330956,-16.8175797555452,-16.7892678977297,-16.7590116638767,-16.7268163476696,-16.6926886375606,-16.6566366207055,-16.6186697855359,-16.5787990229479,-16.5370366260955,-16.4933962887832,-16.4478931024421,-16.4005435516902,-16.3513655084904,-16.3003782248649,-16.2476023241955,-16.1930597911287,-16.1367739600309,-16.0787695020498,-16.0190724107903,-15.9577099865793,-15.8947108193355,-15.8301047700504,-15.7639229510221,-15.6961977047719,-15.6269625813753,-15.5562523146202,-15.4841027971078,-15.4105510538879,-15.3356352148413,-15.2593944859437,-15.1818691193228,-15.1031003821684,-15.0231305245412,-14.9420027460744,-14.8597611616382,-14.7764507660257,-14.6921173975974,-14.6068077010207,-14.5205690891395,-14.4334497039363,-14.3454983767139,-14.2567645874927,-4.831121494639e-11,14.0771505378997,13.9863721059578,13.8950147826158,13.8031306583951,13.7107722154726,13.6179922826408,13.5248439901863,13.4313807245446,13.3376560824829,13.2437238251212,13.1496378317555,13.0554520535037,12.9612204668949,12.8669970274048,12.7728356230485,12.6787900280085,12.5849138563553,12.4912605160039,12.3978831628901,12.304834655367,12.2121675089692,12.1199338515594,12.0281853789103,11.9369733107815,11.8463483473915,11.756360626581,11.6670596817027,11.5784944000223,11.4907129818284,11.4037629003657,11.3176908625818,11.232542770706,11.1483636847009,11.0651977856652,10.9830883401871,10.9020776657182,10.8222070969957,10.7435169535241,10.6660465081895,10.589833957001,10.5149163900201,10.4413297635057,10.3691088732622,10.2982873292673,10.2288975315812,10.1609706475648,10.0945365904187,10.02962399905,9.96626021934851,9.9044712868189
m2,-15.914343274576,-15.9069566594861,-15.8992722678361,-15.891291724468,-15.8830167422928,-15.8744491210167,-15.8655907458482,-15.8564435861627,-15.8470096941247,-15.8372912033019,-15.82729032727,-15.8170093581529,-15.8064506651561,-15.7956166930847,-15.7845099608069,-15.7731330597222,-15.7614886522194,-15.7495794700867,-15.7374083129012,-15.7249780464242,-15.7122916009418,-15.6993519695987,-15.6861622067707,-15.6727254263762,-15.6590448001232,-15.6451235557906,-15.6309649755516,-15.6165723942197,-15.6019491974729,-15.5870988201204,-15.5720247442944,-15.5567304976523,-15.5412196516547,-15.5254958197681,-15.5095626556166,-15.4934238512151,-15.4770831351534,-15.4605442707306,-15.4438110542095,-15.4268873130572,-15.409776904053,-15.392483711424,-15.375011645114,-15.3573646390189,-15.3395466491173,-15.3215616516948,-15.3034136415671,-15.2851066302077,-15.2666446440365,-15.2480317227252,2.38985638428491e-11,15.2103692886825,15.1913279052361,15.1721518419677,15.1528451782805,15.1334119962518,15.1138563791053,15.09418240952,15.0743941679038,15.0544957308455,15.0344911694806,15.0143845477662,14.9941799209571,14.9738813341587,14.9534928206904,14.9330184005037,14.912462078747,14.8918278442842,14.8711196682268,14.8503415025216,14.82949727855,14.8085909057004,14.7876262700166,14.7666072329003,14.7455376297866,14.7244212688952,14.7032619299884,14.6820633630934,14.6608292873173,14.6395633897479,14.6182693243192,14.5969507106625,14.5756111330426,14.5542541393512,14.5328832400893,14.511501907391,14.490113574105,14.4687216328635,14.4473294351744,14.4259402906296,14.404557466163,14.3831841851791,14.3618236267482,14.3404789250432,14.3191531686801,14.2978493999961,14.2765706144756,14.2553197602067,14.2340997373435,14.2129133976196,14.1917635438945
m3,-5.01823899696292,-5.01578750917959,-5.01317086562913,-5.01039179589518,-5.0074530889576,-5.00435759157554,-5.00110820665511,-4.99770789158348,-4.99415965652752,-4.99046656272858,-4.98663172078768,-4.98265828890152,-4.97854947109479,-4.97430851544024,-4.96993871223562,-4.9654433921873,-4.96082592459085,-4.95608971546858,-4.95123820569785,-4.94627486914746,-4.94120321077002,-4.93602676469205,-4.93074909234076,-4.92537378052687,-4.91990443947418,-4.91434470088669,-4.90869821604923,-4.90296865387067,-4.89715969891993,-4.89127504949194,-4.88531841563196,-4.87929351716616,-4.87320408178919,-4.86705384310876,-4.86084653865896,-4.8545859079786,-4.84827569065513,-4.84191962434046,-4.83552144286598,-4.82908487435956,-4.82261363925334,-4.81611144832806,-4.80958200088462,-4.80302898287501,-4.79645606495808,-4.78986690065597,-4.7832651245176,-4.77665435019713,-4.77003816868304,-4.76342014654956,1.29288569343442e-11,4.75019271353369,4.74359029724874,4.73700002616916,4.73042531796089,4.72386955526297,4.71733608411673,4.71082821229147,4.70434920761901,4.69790229646418,4.691490662118,4.68511744316307,4.67878573200208,4.6724985734331,4.66625896311818,4.66006984609819,4.6539341154307,4.64785461080859,4.64183411718792,4.63587536350273,4.62998102137451,4.62415370381573,4.61839596402873,4.61271029423758,4.6070991245165,4.60156482169215,4.59610968826987,4.59073596135016,4.58544581161895,4.58024134241874,4.57512458881592,4.57009751666579,4.56516202176218,4.56031992904071,4.5555729917856,4.55092289089415,4.54637123419141,4.54191955574939,4.53756931525872,4.53332189747574,4.52917861168849,4.52514069120186,4.52120929288504,4.51738549676956,4.51367030567289,4.51006464486983,4.50656936181219,4.50318522587709,4.49991292816304,4.49675308133723,4.49370621951746
c1,0,0.000273979269249982,0.00125115128816761,0.00316525073210917,0.00625076668860302,0.010742406561526,0.016874552646111,0.0248807124326146,0.034992963721101,0.0474413956523125,0.0624535467798772,0.0802538413272172,0.101063024788238,0.125097600044252,0.152569265180593,0.183684354194831,0.218643281794506,0.257639993485824,0.300861422155566,0.348486952346835,0.400687893424959,0.457626962822984,0.519457780546606,0.586324376106477,0.658360709030744,0.735690204093486,0.818425302374845,0.906667029246409,1.00050458034964,1.10001492660846,1.20526243928675,1.31629853606949,1.43316134911135,1.55587541595929,1.68445139421732,1.81888580078014,1.95916077641817,2.10524387645186,2.25708788820549,2.41463067588268,2.5777950534535,2.7464886860907,2.92060402063982,3.10001824555254,3.28459328065508,3.47417579706473,3.66859726751216,3.86767404726327,4.07120748577549,4.27898406916442,4.49077559349023,4.34445245079627,4.19680625658332,4.04818864523972,3.8989441785695,3.74940978098371,3.59991419418447,3.4507774523176,3.30231037852322,3.15481410376797,3.0085796087935,2.86388728996701,2.72100654976696,2.58019541258176,2.44170016644823,2.30575503130106,2.17258185424468,2.04238983230429,1.91537526305409,1.79172132346079,1.67159787722224,1.55516131082132,1.44255439845424,1.33390619593272,1.22933196359914,1.12893311823468,1.03279721387982,0.940997951426781,0.853595216785884,0.770635147368934,0.692150226575116,0.618159405909053,0.548668254304529,0.483669134173191,0.423141403644523,0.367051644411593,0.31535391454668,0.267990025602045,0.224889843264461,0.185971610786226,0.151142294372118,0.120297949660503,0.0933241083972285,0.0700961843630801,0.0504798975807174,0.0343317157942708,0.0214993121836762,0.0118220382476196,0.00513141076319919,0.00125161170682894,0
c2,0,-0.000678097822665886,-0.00280259714413907,-0.00650834200137247,-0.0119293038194856,-0.019198262163458,-0.0284464823319685,-0.0398033903979726,-0.0533962463120725,-0.0693498156950912,-0.0877860409554653,-0.108823712375021,-0.132578139813434,-0.159160825687306,-0.188679139883868,-0.221235997272369,-0.256929538477961,-0.295852814583118,-0.338093476420585,-0.383733469119717,-0.432848732564318,-0.485508908414983,-0.541777054342783,-0.601709366113588,-0.665354908152826,-0.732755353210284,-0.803944731733462,-0.878949191544529,-0.95778676840154,-1.04046716800943,-1.12699156002934,-1.21735238461783,-1.31153317200711,-1.40950837561646,-1.51124321916642,-1.61669355824351,-1.72580575673788,-1.83851657855431,-1.9547530949703,-2.07443260798935,-2.19746259000913,-2.32374064009691,-2.45315445713558,-2.58558183007482,-2.72089064549079,-2.85893891262611,-2.99957480605362,-3.14263672607215,-3.28795337691201,-3.4353438627964,-3.58461780186889,-3.44833397715524,-3.31285879400756,-3.17839406850389,-3.04513612020401,-2.91327545388978,-2.78299645299041,-2.65447708522033,-2.52788862092784,-2.40339536463516,-2.28115440022209,-2.16131535017638,-2.04402014930999,-1.92940283330851,-1.81758934245413,-1.70869734083238,-1.60283605130186,-1.50010610647712,-1.40059941594307,-1.30439904988694,-1.21157913930424,-1.12220479290244,-1.03633203079303,-0.954007735032915,-0.875269617041487,-0.800146201890204,-0.728656829428946,-0.660811672179452,-0.596611769897552,-0.53604908067468,-0.479106548416848,-0.425758186509735,-0.37596917744858,-0.329695988182764,-0.286886500895832,-0.247480158913753,-0.21140812740726,-0.178593468527136,-0.148951330585982,-0.122389150875081,-0.0988068716809828,-0.0780971690436163,-0.0601456937756258,-0.0448313242418895,-0.0320264303782359,-0.0215971484096969,-0.0134036657111199,-0.00730051523644721,-0.00313687892793912,-0.000756899502550832,0
c3,0,0.000300996477724022,0.00116596227331389,0.00253662078628804,0.00435315986372689,0.00655438440012774,0.0090778728121218,0.0118601370451119,0.0148367857581568,0.0179426903234447,0.0211121532674867,0.02427907877279,0.0273771448512261,0.0303399767936254,0.0331013214943209,0.0355952222444834,0.0377561935841291,0.0395193957996198,0.0408208086514308,0.0415974039158058,0.0417873163238273,0.0413300124821878,0.0401664573618487,0.0382392779434943,0.0354929236125376,0.0318738229011419,0.0273305361805485,0.021813903913583,0.0152771900850472,0.00767622043615708,-0.00103048486111897,-0.0108815844436466,-0.0219127952529559,-0.0341567786174771,-0.0476430332382748,-0.0623977953814189,-0.0784439465654289,-0.0958009290167944,-0.114484669150233,-0.134507509313641,-0.15587814801996,-0.178601588869922,-0.202679098351105,-0.228108172679,-0.25488251382638,-0.282992014866459,-0.312422754735059,-0.343157002495607,-0.375173231169375,-0.408446141171846,-0.442946693373963,-0.441837680290694,-0.439239311004672,-0.435248244552238,-0.429960399450467,-0.423470766009186,-0.415873223978544,-0.407260365887209,-0.397723326409668,-0.387351618086569,-0.37623297370465,-0.364453195625444,-0.352096012334336,-0.339242942462605,-0.325973166516553,-0.312363406528086,-0.298487813821422,-0.28441786507045,-0.270222266800766,-0.255966868469471,-0.241714584235166,-0.227525323509432,-0.213455930359532,-0.199560131811292,-0.185888495079356,-0.172488393731239,-0.159403982770256,-0.146676182601116,-0.134342671821539,-0.122437888762756,-0.110993041681131,-0.100036127483359,-0.0895919588481091,-0.0796821995878862,-0.0703254080761094,-0.0615370885463097,-0.0533297500527115,-0.0457129728643765,-0.038693482048785,-0.0322752279849087,-0.0264594735308059,-0.0212448875564979,-0.0166276445392955,-0.0126015299060003,-0.00915805079445545,-0.0062865518958531,-0.00397433602894924,-0.00220678908798051,-0.000967508997667292,-0.000238438301133999,0
g1,57.751345635077,57.764901521412,57.7542364786011,57.719547401396,57.661048196639,57.5789694793609,57.4735582503331,57.3450775554865,57.1938061276358,57.0200380109724,56.8240821688174,56.6062620751436,56.3669152904054,56.1063930222336,55.8250596715757,55.5232923648815,55.2014804729565,54.860025117122,54.4993386633394,54.1198442049768,53.7219750349043,53.3061741076314,52.8728934922011,52.4225938165789,51.9557437042824,51.4728192040047,50.9743032130056,50.4606848950378,49.9324590935999,49.3901257412976,48.8341892661156,48.2651579953929,47.683543558306,47.0898602876667,46.48462462183,45.8683545075262,45.2415688044092,44.6047866921256,43.9585270806974,43.3033080250029,42.6396461441468,41.9680560464822,41.2890497610628,40.6031361762684,39.9108204863589,39.2126036466794,38.5089818382417,37.8004459423856,37.0874810262019,36.3705658394019,35.6501723232738,34.9267651323744,34.2008011695673,33.4727291350037,32.7429890896235,32.0120120337285,31.2802195011626,30.5480231695971,29.8158244874144,29.0840143176418,28.3529725993645,27.6230680270336,26.8946577480357,26.1680870788863,25.4436892403605,24.7217851118666,24.0026830053168,23.2866784587434,22.5740540498619,21.8650792297565,21.1600101768452,20.4590896712296,19.7625469895298,19.0705978202493,18.3834441997053,17.7012744685182,17.0242632486219,16.3525714407366,15.6863462422038,15.0257211850669,14.3708161942318,13.7217376655351,13.0785785635018,12.4414185385481,11.8103240633702,11.1853485882073,10.5665327146696,9.95390438776539,9.3474791057604,8.74726014746318,8.15323881650269,7.56539470215829,6.98369595625107,6.40809958561542,5.83855175961516,5.2749881321725,4.71733417775091,4.1655055406973,3.61940839736715,3.07893983039383,2.54398821448891
g2,-2.4444994628134,-2.78330523247583,-3.13129685445756,-3.48811365779941,-3.85338269053444,-4.22671908576148,-4.6077264446325,-4.9959972358191,-5.391113210997,-5.79264583586463,-6.20015673618474,-6.61319815831895,-7.03131344369831,-7.4540375166537,-7.88089738500791,-8.31141265281181,-8.74509604458568,-9.18145394041109,-9.61998692119943,-10.0601903234467,-10.5015548027692,-10.9435669055,-11.3857096476126,-11.8274631002256,-12.26830498093,-12.7077112501737,-13.1451567119229,-13.5801156178188,-14.0120622740351,-14.4404716500403,-14.8648199884626,-15.2845854152506,-15.6992485493239,-16.1082931109035,-16.5112065277152,-16.9074805382561,-17.296611791323,-17.6781024410002,-18.0514607363104,-18.4162016047408,-18.7718472288609,-19.1179276152579,-19.4539811550274,-19.7795551750632,-20.0942064794071,-20.3975018799285,-20.6890187156208,-20.9683453598135,-21.2350817146178,-21.4888396919403,-21.7292436804157,-21.9559309976302,-22.1685523270286,-22.3667721389145,-22.5502690949804,-22.7187364358242,-22.8718823509314,-23.0094303306294,-23.1311194995422,-23.2367049311027,-23.3259579427022,-23.3986663710883,-23.4546348276462,-23.4936849332281,-23.5156555322241,-23.5204028855972,-23.5078008426315,-23.4777409911794,-23.4301327862148,-23.3649036565363,-23.2819990894936,-23.1813826936375,-23.063036239231,-22.9269596765836,-22.7731711322067,-22.6017068828171,-22.4126213072449,-22.2059868163366,-21.9818937609711,-21.7404503183411,-21.4817823566764,-21.2060332786219,-20.9133638435101,-20.6039519687929,-20.2779925109373,-19.9356970261022,-19.5772935109585,-19.2030261240261,-18.8131548879395,-18.4079553730754,-17.9877183629962,-17.5527495022012,-17.1033689266813,-16.6399108778202,-16.1627233001819,-15.6721674237672,-15.1686173313303,-14.6524595113657,-14.1240923974056,-13.5839258942692,-13.0323808919363
g3,2.80598339062381,2.75329801019196,2.69530236600901,2.63207590146302,2.56370680153793,2.49029184573414,2.41193624663797,2.32875347440925,2.24086506748064,2.14840042978417,2.05149661484445,1.95029809709816,1.84495653082187,1.73563049707161,1.62248523905536,1.50569238638122,1.3854296686418,1.26188061881241,1.13523426695896,1.00568482476635,0.873431361415271,0.738677471346936,0.601630934472352,0.46250336939196,0.321509880205698,0.178868697502533,0.03480081412998,-0.110470383649867,-0.256719488999934,-0.403719450722568,-0.551241952219369,-0.699057792564523,-0.846937269054227,-0.994650560594685,-1.14196811128791,-1.28866101357425,-1.43450139029302,-1.57926277502271,-1.72272049006509,-1.86465202144317,-2.00483739028646,-2.14305951998241,-2.27910459848294,-2.41276243515893,-2.54382681160845,-2.67209582583213,-2.79737222920104,-2.91946375565492,-3.03818344258018,-3.15334994283261,-3.26478782738362,-3.37232787808454,-3.47580737006006,-3.57507034325967,-3.66996786271285,-3.76035826705465,-3.84610740490535,-3.92708885871059,-4.00318415566749,-4.07428296538515,-4.14028328394858,-4.20109160407987,-4.25662307111162,-4.30680162451232,-4.35156012472783,-4.39084046512646,-4.42459366886134,-4.45277997048796,-4.47536888220088,-4.49233924457869,-4.50367926175269,-4.50938652094062,-4.50946799631267,-4.50394003718334,-4.49282834054898,-4.47616790801698,-4.45400298719784,-4.42638699765914,-4.39338244156371,-4.35506079914269,-4.3115024091766,-4.26279633468487,-4.20904021404816,-4.15034009781117,-4.08681027143973,-4.01857306432679,-3.94575864536765,-3.86850480544422,-3.78695672718294,-3.70126674237015,-3.61159407742947,-3.51810458738768,-3.42097047877141,-3.32037002189928,-3.21648725304817,-3.10951166699214,-2.99963790042725,-2.8870654068098,-2.77199812315282,-2.65464412933538,-2.53521530049479
