t,0,0.01,0.02,0.03,0.04,0.05,0.06,0.07,0.08,0.09,0.1,0.11,0.12,0.13,0.14,0.15,0.16,0.17,0.18,0.19,0.2,0.21,0.22,0.23,0.24,0.25,0.26,0.27,0.28,0.29,0.3,0.31,0.32,0.33,0.34,0.35,0.36,0.37,0.38,0.39,0.4,0.41,0.42,0.43,0.44,0.45,0.46,0.47,0.48,0.49,0.5,0.51,0.52,0.53,0.54,0.55,0.56,0.57,0.58,0.59,0.6,0.61,0.62,0.63,0.64,0.65,0.66,0.67,0.68,0.69,0.7,0.71,0.72,0.73,0.74,0.75,0.76,0.77,0.78,0.79,0.8,0.81,0.82,0.83,0.84,0.85,0.86,0.87,0.88,0.89,0.9,0.91,0.92,0.93,0.94,0.95,0.96,0.97,0.98,0.99,1,1.01,1.02,1.03,1.04,1.05,1.06,1.07,1.08,1.09,1.1,1.11,1.12,1.13,1.14,1.15,1.16,1.17,1.18,1.19,1.2,1.21,1.22,1.23,1.24,1.25,1.26,1.27,1.28,1.29,1.3,1.31,1.32,1.33,1.34,1.35,1.36,1.37,1.38,1.39,1.4,1.41,1.42,1.43,1.44,1.45,1.46,1.47,1.48,1.49,1.5,1.51,1.52,1.53,1.54,1.55,1.56,1.57,1.58,1.59,1.6,1.61,1.62,1.63,1.64,1.65,1.66,1.67,1.68,1.69,1.7,1.71,1.72,1.73,1.74,1.75,1.76,1.77,1.78,1.79,1.8,1.81,1.82,1.83,1.84,1.85,1.86,1.87,1.88,1.89,1.9,1.91,1.92,1.93,1.94,1.95,1.96,1.97,1.98,1.99,2
dp1,1.70617481218104,1.69038146980875,1.67458812743645,1.65879478506416,1.64300144269186,1.62720810031957,1.61141475794728,1.59562141557498,1.57982807320269,1.5640347308304,1.5482413884581,1.53244804608581,1.51665470371351,1.50086136134122,1.48506801896893,1.46927467659663,1.45348133422434,1.43768799185205,1.42189464947975,1.40610130710746,1.39030796473517,1.37451462236288,1.35872127999059,1.34292793761829,1.327134595246,1.3113412528737,1.29554791050141,1.27975456812912,1.26396122575682,1.24816788338453,1.23237454101223,1.21658119863994,1.20078785626765,1.18499451389535,1.16920117152306,1.15340782915077,1.13761448677847,1.12182114440618,1.10602780203388,1.09023445966159,1.0744411172893,1.058647774917,1.04285443254471,1.02706109017242,1.01126774780012,0.995474405427831,0.979681063055537,0.963887720683244,0.94809437831095,0.932301035938656,0.916507693566363,0.900714351194069,0.884921008821775,0.869127666449482,0.853334324077189,0.837540981704895,0.821747639332602,0.805954296960309,0.790160954588015,0.774367612215721,0.758574269843428,0.742780927471134,0.726987585098841,0.711194242726547,0.695400900354254,0.679607557981961,0.663814215609667,0.648020873237373,0.63222753086508,0.616434188492786,0.600640846120493,0.584847503748199,0.569054161375906,0.553260819003613,0.537467476631319,0.521674134259026,0.505880791886732,0.490087449514438,0.474294107142145,0.458500764769851,0.442707422397558,0.426914080025264,0.411120737652971,0.395327395280677,0.379534052908384,0.36374071053609,0.347947368163797,0.332154025791503,0.31636068341921,0.300567341046916,0.284773998674623,0.268980656302329,0.253187313930035,0.237393971557742,0.221600629185448,0.205807286813155,0.190013944440862,0.174220602068568,0.158427259696275,0.142633917323981,0.126840574951688,0.111047232579394,0.0952538902071006,0.0794605478348071,0.0636672054625136,0.0478738630902201,0.0320805207179266,0.016287178345633,0.000493835973339456,-0.0152995063989541,-0.0310928487712477,-0.0468861911435412,-0.0626795335158347,-0.0784728758881279,-0.0942662182604214,-0.110059560632715,-0.125852903005008,-0.141646245377302,-0.157439587749595,-0.173232930121889,-0.189026272494183,-0.204819614866476,-0.22061295723877,-0.236406299611063,-0.252199641983357,-0.26799298435565,-0.283786326727943,-0.299579669100237,-0.31537301147253,-0.331166353844824,-0.346959696217118,-0.362753038589411,-0.378546380961705,-0.394339723333999,-0.410133065706292,-0.425926408078586,-0.441719750450879,-0.457513092823173,-0.473306435195466,-0.489099777567759,-0.504893119940052,-0.520686462312346,-0.536479804684639,-0.552273147056932,-0.568066489429226,-0.58385983180152,-0.599653174173813,-0.615446516546107,-0.631239858918401,-0.647033201290694,-0.662826543662988,-0.678619886035282,-0.694413228407575,-0.710206570779868,-0.725999913152162,-0.741793255524455,-0.757586597896749,-0.773379940269042,-0.789173282641336,-0.804966625013629,-0.820759967385923,-0.836553309758216,-0.85234665213051,-0.868139994502803,-0.883933336875096,-0.89972667924739,-0.915520021619683,-0.931313363991977,-0.94710670636427,-0.962900048736563,-0.978693391108856,-0.994486733481149,-1.01028007585344,-1.02607341822574,-1.04186676059803,-1.05766010297032,-1.07345344534262,-1.08924678771491,-1.10504013008721,-1.1208334724595,-1.13662681483179,-1.15242015720409,-1.16821349957638,-1.18400684194867,-1.19980018432097,-1.21559352669326,-1.23138686906556,-1.24718021143785,-1.26297355381014,-1.27876689618244,-1.29456023855473,-1.31035358092703,-1.32614692329932,-1.34194026567161,-1.3577336080439,-1.37352695041619,-1.38932029278848,-1.40511363516078,-1.42090697753307,-1.43670031990537,-1.45249366227766
dp2,-1.20925470205384,-1.20195543730647,-1.1946561725591,-1.18735690781173,-1.18005764306436,-1.172758378317,-1.16545911356963,-1.15815984882226,-1.15086058407489,-1.14356131932752,-1.13626205458015,-1.12896278983277,-1.1216635250854,-1.11436426033803,-1.10706499559066,-1.09976573084329,-1.09246646609593,-1.08516720134856,-1.07786793660119,-1.07056867185382,-1.06326940710645,-1.05597014235908,-1.04867087761171,-1.04137161286434,-1.03407234811697,-1.02677308336959,-1.01947381862223,-1.01217455387486,-1.00487528912749,-0.997576024380119,-0.990276759632749,-0.98297749488538,-0.97567823013801,-0.968378965390641,-0.961079700643271,-0.953780435895901,-0.946481171148531,-0.939181906401162,-0.931882641653792,-0.924583376906422,-0.917284112159053,-0.909984847411683,-0.902685582664313,-0.895386317916943,-0.888087053169574,-0.880787788422204,-0.873488523674834,-0.866189258927464,-0.858889994180095,-0.851590729432725,-0.844291464685355,-0.836992199937986,-0.829692935190616,-0.822393670443246,-0.815094405695876,-0.807795140948507,-0.800495876201137,-0.793196611453767,-0.785897346706397,-0.778598081959028,-0.771298817211658,-0.763999552464288,-0.756700287716918,-0.749401022969549,-0.742101758222179,-0.734802493474809,-0.72750322872744,-0.72020396398007,-0.7129046992327,-0.70560543448533,-0.698306169737961,-0.691006904990591,-0.683707640243221,-0.676408375495851,-0.669109110748481,-0.661809846001111,-0.654510581253742,-0.647211316506372,-0.639912051759002,-0.632612787011632,-0.625313522264262,-0.618014257516892,-0.610714992769523,-0.603415728022153,-0.596116463274783,-0.588817198527413,-0.581517933780044,-0.574218669032674,-0.566919404285304,-0.559620139537935,-0.552320874790565,-0.545021610043195,-0.537722345295825,-0.530423080548456,-0.523123815801086,-0.515824551053716,-0.508525286306346,-0.501226021558977,-0.493926756811607,-0.486627492064237,-0.479328227316868,-0.472028962569498,-0.464729697822128,-0.457430433074758,-0.450131168327389,-0.442831903580019,-0.435532638832649,-0.428233374085279,-0.42093410933791,-0.41363484459054,-0.40633557984317,-0.3990363150958,-0.391737050348431,-0.384437785601061,-0.377138520853691,-0.369839256106322,-0.362539991358952,-0.355240726611582,-0.347941461864212,-0.340642197116843,-0.333342932369473,-0.326043667622103,-0.318744402874733,-0.311445138127364,-0.304145873379994,-0.296846608632624,-0.289547343885254,-0.282248079137885,-0.274948814390515,-0.267649549643145,-0.260350284895775,-0.253051020148406,-0.245751755401036,-0.238452490653666,-0.231153225906296,-0.223853961158926,-0.216554696411556,-0.209255431664186,-0.201956166916817,-0.194656902169447,-0.187357637422077,-0.180058372674707,-0.172759107927338,-0.165459843179968,-0.158160578432598,-0.150861313685228,-0.143562048937859,-0.136262784190489,-0.128963519443119,-0.121664254695749,-0.11436498994838,-0.10706572520101,-0.0997664604536402,-0.0924671957062705,-0.0851679309589007,-0.077868666211531,-0.0705694014641613,-0.0632701367167915,-0.0559708719694218,-0.0486716072220521,-0.0413723424746823,-0.0340730777273126,-0.0267738129799429,-0.0194745482325733,-0.0121752834852035,-0.00487601873783379,0.00242324600953597,0.00972251075690573,0.0170217755042755,0.0243210402516453,0.031620304999015,0.0389195697463848,0.0462188344937546,0.0535180992411243,0.0608173639884941,0.0681166287358639,0.0754158934832336,0.0827151582306033,0.0900144229779729,0.0973136877253426,0.104612952472712,0.111912217220082,0.119211481967452,0.126510746714822,0.133810011462191,0.141109276209561,0.148408540956931,0.1557078057043,0.16300707045167,0.17030633519904,0.17760559994641,0.18490486469378,0.19220412944115,0.19950339418852,0.20680265893589,0.214101923683259,0.221401188430629,0.228700453177999,0.235999717925369,0.243298982672738,0.250598247420108
dp3,0.0766036657381477,0.0729692753929383,0.069334885047729,0.0657004947025196,0.0620661043573102,0.0584317140121009,0.0547973236668915,0.0511629333216821,0.0475285429764728,0.0438941526312634,0.0402597622860541,0.0366253719408448,0.0329909815956354,0.0293565912504261,0.0257222009052167,0.0220878105600073,0.018453420214798,0.0148190298695886,0.0111846395243792,0.00755024917916987,0.00391585883396051,0.000281468488751147,-0.00335292185645822,-0.0069873122016676,-0.010621702546877,-0.0142560928920863,-0.0178904832372957,-0.021524873582505,-0.0251592639277143,-0.0287936542729237,-0.0324280446181331,-0.0360624349633424,-0.0396968253085518,-0.0433312156537612,-0.0469656059989705,-0.0505999963441799,-0.0542343866893892,-0.0578687770345986,-0.061503167379808,-0.0651375577250173,-0.0687719480702267,-0.0724063384154361,-0.0760407287606454,-0.0796751191058548,-0.0833095094510642,-0.0869438997962735,-0.0905782901414829,-0.0942126804866922,-0.0978470708319015,-0.101481461177111,-0.10511585152232,-0.10875024186753,-0.112384632212739,-0.116019022557948,-0.119653412903158,-0.123287803248367,-0.126922193593576,-0.130556583938786,-0.134190974283995,-0.137825364629205,-0.141459754974414,-0.145094145319623,-0.148728535664833,-0.152362926010042,-0.155997316355251,-0.159631706700461,-0.16326609704567,-0.166900487390879,-0.170534877736089,-0.174169268081298,-0.177803658426508,-0.181438048771717,-0.185072439116926,-0.188706829462136,-0.192341219807345,-0.195975610152554,-0.199610000497764,-0.203244390842973,-0.206878781188182,-0.210513171533392,-0.214147561878601,-0.217781952223811,-0.22141634256902,-0.225050732914229,-0.228685123259439,-0.232319513604648,-0.235953903949857,-0.239588294295067,-0.243222684640276,-0.246857074985485,-0.250491465330695,-0.254125855675904,-0.257760246021114,-0.261394636366323,-0.265029026711532,-0.268663417056742,-0.272297807401951,-0.27593219774716,-0.27956658809237,-0.283200978437579,-0.286835368782788,-0.290469759127998,-0.294104149473207,-0.297738539818417,-0.301372930163626,-0.305007320508835,-0.308641710854045,-0.312276101199254,-0.315910491544463,-0.319544881889673,-0.323179272234882,-0.326813662580092,-0.330448052925301,-0.33408244327051,-0.33771683361572,-0.341351223960929,-0.344985614306138,-0.348620004651348,-0.352254394996557,-0.355888785341766,-0.359523175686976,-0.363157566032185,-0.366791956377395,-0.370426346722604,-0.374060737067813,-0.377695127413023,-0.381329517758232,-0.384963908103441,-0.388598298448651,-0.39223268879386,-0.395867079139069,-0.399501469484279,-0.403135859829488,-0.406770250174698,-0.410404640519907,-0.414039030865116,-0.417673421210326,-0.421307811555535,-0.424942201900744,-0.428576592245954,-0.432210982591163,-0.435845372936372,-0.439479763281582,-0.443114153626791,-0.446748543972,-0.450382934317209,-0.454017324662419,-0.457651715007628,-0.461286105352837,-0.464920495698046,-0.468554886043256,-0.472189276388465,-0.475823666733674,-0.479458057078884,-0.483092447424093,-0.486726837769303,-0.490361228114512,-0.493995618459721,-0.497630008804931,-0.50126439915014,-0.504898789495349,-0.508533179840559,-0.512167570185768,-0.515801960530977,-0.519436350876187,-0.523070741221396,-0.526705131566606,-0.530339521911815,-0.533973912257024,-0.537608302602234,-0.541242692947443,-0.544877083292652,-0.548511473637862,-0.552145863983071,-0.55578025432828,-0.55941464467349,-0.563049035018699,-0.566683425363909,-0.570317815709118,-0.573952206054327,-0.577586596399537,-0.581220986744746,-0.584855377089955,-0.588489767435165,-0.592124157780374,-0.595758548125583,-0.599392938470793,-0.603027328816002,-0.606661719161211,-0.610296109506421,-0.61393049985163,-0.61756489019684,-0.621199280542049,-0.624833670887258,-0.628468061232468,-0.632102451577677,-0.635736841922887,-0.639371232268096,-0.643005622613305,-0.646640012958515,-0.650274403303724
dv1,0,-0.0157933423722938,-0.0315866847445878,-0.0473800271168817,-0.0631733694891752,-0.0789667118614695,-0.0947600542337634,-0.110553396606057,-0.126346738978351,-0.142140081350644,-0.157933423722938,-0.173726766095233,-0.189520108467527,-0.205313450839821,-0.221106793212113,-0.236900135584407,-0.252693477956688,-0.268486820328961,-0.284280162701244,-0.300073505073538,-0.315866847445843,-0.33166018981816,-0.347453532190466,-0.363246874562757,-0.379040216935054,-0.394833559307348,-0.410626901679639,-0.426420244051933,-0.442213586424229,-0.45800692879652,-0.473800271168814,-0.489593613541111,-0.505386955913405,-0.521180298285699,-0.536973640657985,-0.552766983030283,-0.568560325402577,-0.58435366777487,-0.600147010147173,-0.615940352519462,-0.631733694891747,-0.647527037264023,-0.663320379636302,-0.679113722008595,-0.69490706438089,-0.710700406753196,-0.726493749125504,-0.7422870914978,-0.758080433870091,-0.773873776242388,-0.789667118614681,-0.805460460986975,-0.821253803359266,-0.837047145731553,-0.852840488103844,-0.868633830476137,-0.884427172848428,-0.900220515220721,-0.916013857593027,-0.931807199965324,-0.947600542337614,-0.963393884709905,-0.979187227082195,-0.994980569454485,-1.01077391182677,-1.02656725419908,-1.04236059657138,-1.05815393894367,-1.07394728131596,-1.08974062368825,-1.10553396606054,-1.12132730843283,-1.13712065080512,-1.15291399317742,-1.16870733554972,-1.18450067792202,-1.20029402029432,-1.21608736266661,-1.2318807050389,-1.24767404741119,-1.26346738978349,-1.27926073215577,-1.29505407452806,-1.31084741690035,-1.32664075927265,-1.34243410164494,-1.35822744401724,-1.37402078638954,-1.38981412876184,-1.40560747113413,-1.42140081350642,-1.43719415587872,-1.45298749825101,-1.4687808406233,-1.48457418299558,-1.50036752536787,-1.51616086774017,-1.53195421011246,-1.54774755248476,-1.56354089485706,-1.57933423722935,-1.56354089485706,-1.54774755248476,-1.53195421011247,-1.51616086774018,-1.50036752536788,-1.48457418299559,-1.4687808406233,-1.45298749825101,-1.43719415587871,-1.42140081350642,-1.40560747113412,-1.38981412876181,-1.37402078638952,-1.35822744401724,-1.34243410164495,-1.32664075927265,-1.31084741690036,-1.29505407452807,-1.27926073215578,-1.26346738978349,-1.24767404741119,-1.2318807050389,-1.21608736266659,-1.20029402029429,-1.184500677922,-1.16870733554971,-1.15291399317743,-1.13712065080515,-1.12132730843285,-1.10553396606056,-1.08974062368826,-1.07394728131596,-1.05815393894367,-1.04236059657137,-1.02656725419907,-1.01077391182678,-0.994980569454472,-0.979187227082178,-0.963393884709895,-0.947600542337601,-0.931807199965308,-0.916013857593018,-0.900220515220731,-0.88442717284844,-0.868633830476147,-0.852840488103856,-0.837047145731565,-0.821253803359272,-0.805460460986978,-0.789667118614684,-0.773873776242382,-0.758080433870084,-0.74228709149779,-0.726493749125494,-0.710700406753203,-0.694907064380917,-0.679113722008626,-0.66332037963633,-0.647527037264034,-0.631733694891736,-0.615940352519441,-0.600147010147141,-0.584353667774852,-0.568560325402567,-0.552766983030273,-0.536973640657983,-0.521180298285683,-0.505386955913377,-0.489593613541084,-0.473800271168791,-0.458006928796504,-0.44221358642422,-0.426420244051933,-0.410626901679642,-0.394833559307345,-0.379040216935051,-0.36324687456276,-0.347453532190466,-0.33166018981817,-0.315866847445876,-0.300073505073584,-0.28428016270129,-0.268486820328996,-0.252693477956701,-0.236900135584405,-0.221106793212115,-0.205313450839819,-0.189520108467524,-0.173726766095233,-0.15793342372294,-0.142140081350643,-0.126346738978339,-0.11055339660604,-0.0947600542337482,-0.0789667118614579,-0.0631733694891717,-0.0473800271168814,-0.0315866847445876,-0.0157933423722939,0
dv2,0,0.00729926474736897,0.0145985294947377,0.0218977942421072,0.0291970589894763,0.0364963237368449,0.0437955884842145,0.0510948532315836,0.0583941179789598,0.0656933827263397,0.0729926474737141,0.0802919122210868,0.0875911769684476,0.094890441715801,0.102189706463166,0.109488971210535,0.116788235957902,0.124087500705273,0.131386765452643,0.138686030200013,0.145985294947395,0.15328455969479,0.160583824442171,0.167883089189543,0.175182353936901,0.182481618684238,0.189780883431593,0.197080148178962,0.204379412926334,0.211678677673713,0.218977942421086,0.226277207168455,0.233576471915825,0.240875736663198,0.24817500141057,0.255474266157941,0.262773530905311,0.270072795652679,0.277372060400048,0.28467132514742,0.29197058989479,0.299269854642157,0.306569119389529,0.313868384136899,0.321167648884271,0.328466913631639,0.335766178379006,0.343065443126378,0.350364707873748,0.357663972621115,0.364963237368485,0.37226250211586,0.379561766863227,0.386861031610597,0.394160296357963,0.401459561105333,0.408758825852709,0.416058090600072,0.423357355347442,0.430656620094818,0.437955884842185,0.445255149589551,0.452554414336924,0.459853679084294,0.467152943831664,0.47445220857903,0.481751473326403,0.489050738073777,0.496350002821139,0.503649267568509,0.510948532315882,0.518247797063252,0.525547061810622,0.532846326557996,0.540145591305374,0.547444856052748,0.554744120800118,0.562043385547488,0.569342650294845,0.576641915042206,0.58394117978958,0.59124044453695,0.598539709284315,0.605838974031685,0.613138238779064,0.620437503526429,0.627736768273794,0.635036033021168,0.642335297768538,0.649634562515903,0.656933827263277,0.664233092010652,0.671532356758017,0.678831621505382,0.686130886252751,0.693430151000126,0.700729415747491,0.708028680494863,0.715327945242241,0.722627209989602,0.729926474736969,0.722627209989605,0.715327945242235,0.708028680494866,0.700729415747491,0.693430151000124,0.686130886252756,0.678831621505389,0.671532356758022,0.664233092010647,0.65693382726328,0.649634562515908,0.642335297768526,0.635036033021161,0.627736768273799,0.620437503526426,0.613138238779059,0.605838974031689,0.598539709284317,0.591240444536945,0.583941179789578,0.576641915042212,0.56934265029484,0.562043385547469,0.554744120800101,0.547444856052729,0.540145591305359,0.532846326557994,0.525547061810624,0.518247797063252,0.510948532315886,0.503649267568524,0.49635000282116,0.48905073807379,0.481751473326414,0.474452208579037,0.467152943831664,0.459853679084288,0.452554414336918,0.445255149589554,0.437955884842185,0.430656620094814,0.423357355347445,0.416058090600075,0.408758825852705,0.401459561105335,0.394160296357966,0.386861031610597,0.379561766863228,0.372262502115858,0.364963237368489,0.357663972621118,0.350364707873747,0.343065443126377,0.335766178379008,0.328466913631638,0.321167648884268,0.313868384136899,0.306569119389529,0.299269854642159,0.291970589894789,0.28467132514742,0.277372060400047,0.270072795652677,0.262773530905311,0.255474266157942,0.248175001410572,0.240875736663202,0.233576471915833,0.226277207168463,0.218977942421093,0.211678677673723,0.204379412926353,0.197080148178984,0.189780883431614,0.182481618684243,0.175182353936873,0.167883089189503,0.160583824442133,0.153284559694763,0.145985294947394,0.138686030200025,0.131386765452655,0.124087500705285,0.116788235957915,0.109488971210546,0.102189706463176,0.0948904417158059,0.0875911769684381,0.0802919122210701,0.0729926474737003,0.06569338272633,0.0583941179789588,0.0510948532315883,0.0437955884842184,0.0364963237368486,0.029197058989479,0.0218977942421092,0.0145985294947395,0.00729926474736974,0
dv3,0,-0.00363439034520936,-0.00726878069041872,-0.0109031710356281,-0.0145375613808375,-0.0181719517260468,-0.0218063420712562,-0.0254407324164656,-0.0290751227616748,-0.0327095131068841,-0.0363439034520934,-0.0399782937973027,-0.0436126841425122,-0.0472470744877218,-0.0508814648329311,-0.0545158551781405,-0.0581502455233499,-0.0617846358685591,-0.0654190262137685,-0.0690534165589779,-0.0726878069041872,-0.0763221972493967,-0.0799565875946062,-0.0835909779398154,-0.0872253682850246,-0.0908597586302338,-0.0944941489754429,-0.0981285393206523,-0.101762929665862,-0.105397320011071,-0.109031710356281,-0.11266610070149,-0.1163004910467,-0.119934881391909,-0.123569271737118,-0.127203662082327,-0.130838052427537,-0.134472442772747,-0.138106833117956,-0.141741223463166,-0.145375613808374,-0.149010004153584,-0.152644394498793,-0.156278784844003,-0.159913175189212,-0.163547565534421,-0.16718195587963,-0.170816346224839,-0.174450736570048,-0.178085126915258,-0.181719517260468,-0.185353907605677,-0.188988297950886,-0.192622688296097,-0.196257078641307,-0.199891468986516,-0.203525859331724,-0.207160249676933,-0.210794640022143,-0.214429030367352,-0.218063420712562,-0.221697811057772,-0.225332201402981,-0.228966591748191,-0.2326009820934,-0.236235372438609,-0.239869762783818,-0.243504153129026,-0.247138543474235,-0.250772933819445,-0.254407324164655,-0.258041714509865,-0.261676104855074,-0.265310495200284,-0.268944885545495,-0.272579275890702,-0.276213666235913,-0.279848056581122,-0.283482446926331,-0.287116837271541,-0.290751227616748,-0.294385617961956,-0.298020008307167,-0.301654398652378,-0.305288788997588,-0.308923179342797,-0.312557569688006,-0.316191960033215,-0.319826350378423,-0.323460740723635,-0.327095131068844,-0.330729521414051,-0.334363911759263,-0.337998302104469,-0.341632692449679,-0.345267082794891,-0.348901473140097,-0.352535863485309,-0.356170253830519,-0.359804644175725,-0.363439034520938,-0.359804644175728,-0.356170253830516,-0.352535863485309,-0.3489014731401,-0.345267082794888,-0.341632692449681,-0.337998302104475,-0.334363911759263,-0.330729521414051,-0.327095131068844,-0.323460740723634,-0.31982635037842,-0.316191960033211,-0.312557569688004,-0.308923179342795,-0.305288788997588,-0.301654398652378,-0.298020008307169,-0.29438561796196,-0.290751227616748,-0.287116837271541,-0.283482446926329,-0.279848056581118,-0.276213666235913,-0.272579275890703,-0.268944885545494,-0.265310495200284,-0.261676104855075,-0.258041714509868,-0.254407324164658,-0.250772933819449,-0.247138543474236,-0.243504153129026,-0.239869762783821,-0.236235372438608,-0.232600982093398,-0.228966591748187,-0.225332201402978,-0.221697811057772,-0.218063420712561,-0.214429030367352,-0.210794640022142,-0.207160249676927,-0.203525859331711,-0.199891468986502,-0.196257078641291,-0.19262268829609,-0.188988297950889,-0.18535390760568,-0.181719517260469,-0.178085126915258,-0.17445073657005,-0.170816346224841,-0.16718195587963,-0.163547565534422,-0.159913175189214,-0.156278784844003,-0.152644394498793,-0.149010004153584,-0.145375613808374,-0.141741223463165,-0.138106833117953,-0.134472442772744,-0.130838052427539,-0.127203662082329,-0.123569271737118,-0.119934881391909,-0.116300491046701,-0.11266610070149,-0.10903171035628,-0.105397320011073,-0.101762929665863,-0.0981285393206524,-0.0944941489754431,-0.0908597586302351,-0.0872253682850244,-0.083590977939815,-0.0799565875946057,-0.0763221972493963,-0.072687806904187,-0.0690534165589776,-0.0654190262137692,-0.0617846358685598,-0.0581502455233495,-0.0545158551781394,-0.0508814648329308,-0.0472470744877215,-0.0436126841425122,-0.0399782937973035,-0.0363439034520941,-0.0327095131068842,-0.0290751227616753,-0.0254407324164659,-0.0218063420712561,-0.018171951726047,-0.0145375613808376,-0.0109031710356281,-0.0072687806904187,-0.00363439034520935,0
da1,-1.57933423722939,-1.57933423722939,-1.5793342372294,-1.57933423722937,-1.57933423722939,-1.57933423722941,-1.57933423722935,-1.57933423722939,-1.57933423722938,-1.57933423722934,-1.57933423722944,-1.57933423722945,-1.57933423722939,-1.57933423722931,-1.57933423722931,-1.57933423722876,-1.57933423722768,-1.5793342372278,-1.57933423722886,-1.57933423722991,-1.57933423723113,-1.57933423723117,-1.57933423722985,-1.57933423722939,-1.57933423722952,-1.57933423722925,-1.57933423722924,-1.57933423722954,-1.57933423722937,-1.57933423722922,-1.57933423722955,-1.57933423722956,-1.57933423722939,-1.57933423722901,-1.5793342372292,-1.57933423722957,-1.57933423722938,-1.5793342372298,-1.5793342372296,-1.57933423722874,-1.57933423722803,-1.57933423722774,-1.57933423722861,-1.57933423722941,-1.57933423723004,-1.5793342372307,-1.57933423723023,-1.57933423722936,-1.57933423722936,-1.5793342372295,-1.57933423722937,-1.57933423722922,-1.57933423722892,-1.57933423722891,-1.5793342372292,-1.57933423722919,-1.57933423722917,-1.57933423722997,-1.57933423723016,-1.57933423722936,-1.57933423722902,-1.57933423722901,-1.57933423722901,-1.57933423722899,-1.5793342372297,-1.57933423723026,-1.57933423722953,-1.57933423722879,-1.57933423722897,-1.57933423722935,-1.57933423722896,-1.57933423722895,-1.57933423722953,-1.57933423723016,-1.57933423723018,-1.57933423722957,-1.57933423722947,-1.57933423722937,-1.57933423722915,-1.57933423722925,-1.57933423722891,-1.57933423722844,-1.57933423722899,-1.57933423722947,-1.57933423722935,-1.57933423722981,-1.57933423723018,-1.57933423722972,-1.57933423722937,-1.57933423722936,-1.57933423722949,-1.57933423722936,-1.57933423722879,-1.57933423722845,-1.57933423722881,-1.57933423722935,-1.5793342372294,-1.57933423722961,-1.57933423722989,-1.57933423722969,-6.66133814775094e-14,1.57933423722942,1.57933423722948,1.57933423722946,1.57933423722936,1.57933423722918,1.57933423722908,1.57933423722921,1.57933423722934,1.57933423722939,1.57933423722952,1.57933423723026,1.57933423723009,1.57933423722862,1.57933423722884,1.5793342372295,1.57933423722929,1.57933423722918,1.57933423722901,1.57933423722902,1.57933423722925,1.57933423722963,1.57933423723011,1.57933423723003,1.57933423722955,1.57933423722904,1.57933423722842,1.57933423722844,1.57933423722907,1.57933423722937,1.57933423722947,1.57933423722966,1.57933423722965,1.57933423722955,1.57933423722981,1.57933423722989,1.57933423723004,1.57933423722992,1.57933423722888,1.57933423722882,1.57933423722934,1.57933423722917,1.57933423722886,1.57933423722887,1.5793342372292,1.57933423722921,1.57933423722907,1.57933423722922,1.57933423722937,1.57933423722937,1.57933423722978,1.57933423723003,1.57933423722961,1.57933423722947,1.57933423722934,1.57933423722885,1.57933423722886,1.57933423722936,1.5793342372296,1.57933423722969,1.57933423722967,1.57933423722977,1.57933423722942,1.5793342372287,1.57933423722894,1.57933423722916,1.57933423722953,1.57933423723034,1.57933423722995,1.5793342372293,1.57933423722898,1.57933423722852,1.57933423722857,1.57933423722893,1.57933423722938,1.57933423722952,1.57933423722925,1.57933423722926,1.57933423722951,1.5793342372295,1.57933423722928,1.57933423722928,1.57933423722939,1.57933423722948,1.57933423722956,1.5793342372293,1.5793342372293,1.57933423722951,1.5793342372293,1.5793342372292,1.57933423722949,1.57933423723007,1.57933423723019,1.57933423722954,1.57933423722908,1.57933423722883,1.57933423722883,1.5793342372292,1.57933423722938,1.57933423722938,1.57933423722939
da2,0.729926474736886,0.729926474736886,0.729926474736914,0.729926474736931,0.729926474736881,0.729926474736908,0.729926474736936,0.729926474737264,0.729926474737807,0.729926474737719,0.729926474737352,0.729926474736675,0.729926474735709,0.729926474735899,0.729926474736681,0.729926474736808,0.729926474736898,0.729926474737086,0.729926474737002,0.729926474737574,0.72992647473889,0.729926474738807,0.729926474737608,0.729926474736475,0.729926474734782,0.729926474734632,0.729926474736203,0.729926474737054,0.72992647473754,0.729926474737573,0.729926474737115,0.729926474736953,0.729926474737136,0.729926474737237,0.729926474737158,0.729926474737068,0.729926474736872,0.729926474736869,0.729926474737078,0.72992647473708,0.729926474736861,0.729926474736975,0.729926474737089,0.729926474737097,0.729926474736975,0.729926474736725,0.729926474736975,0.729926474737103,0.729926474736839,0.729926474736836,0.729926474737252,0.729926474737114,0.729926474736833,0.729926474736825,0.729926474736825,0.729926474737283,0.729926474736964,0.729926474736653,0.7299264747373,0.729926474737139,0.729926474736642,0.729926474736975,0.729926474737144,0.729926474736975,0.729926474736795,0.729926474736975,0.729926474737344,0.729926474736789,0.729926474736592,0.729926474737161,0.729926474737169,0.729926474736975,0.729926474737175,0.729926474737591,0.729926474737608,0.729926474737203,0.729926474736997,0.729926474736348,0.729926474735904,0.729926474736758,0.729926474737191,0.729926474736747,0.729926474736742,0.729926474737436,0.729926474737208,0.729926474736503,0.729926474736975,0.729926474737214,0.729926474736731,0.729926474736975,0.729926474737475,0.729926474736975,0.729926474736464,0.729926474736714,0.72992647473723,0.729926474736969,0.729926474736842,0.729926474737513,0.729926474736969,0.729926474736425,1.38777878078145e-13,-0.729926474736697,-0.729926474736975,-0.729926474737241,-0.729926474737108,-0.729926474736708,-0.729926474736714,-0.72992647473672,-0.729926474737108,-0.729926474737108,-0.729926474736975,-0.729926474737713,-0.72992647473733,-0.729926474736353,-0.729926474736731,-0.729926474736975,-0.729926474736858,-0.729926474737091,-0.729926474737197,-0.729926474736975,-0.729926474736642,-0.729926474736864,-0.729926474737191,-0.729926474736975,-0.729926474736975,-0.72992647473708,-0.72992647473677,-0.72992647473677,-0.729926474737075,-0.729926474736881,-0.729926474736403,-0.729926474736323,-0.729926474736711,-0.729926474737275,-0.729926474737633,-0.729926474737524,-0.729926474737463,-0.729926474737314,-0.729926474736706,-0.729926474736631,-0.729926474736972,-0.729926474737017,-0.729926474736975,-0.729926474736975,-0.729926474736975,-0.729926474736975,-0.7299264747369,-0.729926474736881,-0.729926474736978,-0.729926474736978,-0.729926474736992,-0.729926474737078,-0.729926474737042,-0.729926474736958,-0.729926474736958,-0.729926474736989,-0.729926474736975,-0.729926474736953,-0.72992647473698,-0.729926474736989,-0.729926474736969,-0.729926474737119,-0.729926474737103,-0.729926474736778,-0.729926474736795,-0.729926474736971,-0.729926474736969,-0.729926474736957,-0.729926474736964,-0.729926474736978,-0.729926474736979,-0.729926474736983,-0.729926474736993,-0.729926474736992,-0.729926474737003,-0.729926474737042,-0.729926474737033,-0.729926474736986,-0.729926474736969,-0.729926474736935,-0.729926474736924,-0.729926474736961,-0.729926474736974,-0.729926474736985,-0.729926474736974,-0.729926474736964,-0.729926474737001,-0.729926474736907,-0.729926474736794,-0.729926474736887,-0.729926474737001,-0.729926474737076,-0.729926474737088,-0.729926474737022,-0.729926474736983,-0.729926474736967,-0.729926474736971,-0.729926474736978,-0.729926474736974,-0.729926474736973,-0.729926474736886
da3,-0.363439034520936,-0.363439034520936,-0.363439034520937,-0.363439034520938,-0.363439034520937,-0.363439034520936,-0.363439034520937,-0.363439034520931,-0.363439034520925,-0.36343903452093,-0.363439034520932,-0.363439034520939,-0.363439034520953,-0.363439034520945,-0.363439034520934,-0.363439034520939,-0.363439034520933,-0.36343903452093,-0.363439034520941,-0.363439034520938,-0.363439034520936,-0.363439034520948,-0.36343903452094,-0.363439034520921,-0.363439034520917,-0.363439034520915,-0.363439034520924,-0.36343903452093,-0.363439034520949,-0.36343903452098,-0.36343903452096,-0.363439034520929,-0.363439034520931,-0.363439034520925,-0.363439034520917,-0.363439034520947,-0.363439034520956,-0.363439034520938,-0.36343903452095,-0.363439034520929,-0.363439034520902,-0.363439034520936,-0.363439034520965,-0.363439034520951,-0.363439034520906,-0.363439034520872,-0.363439034520886,-0.363439034520933,-0.363439034520985,-0.363439034521004,-0.363439034520954,-0.363439034520902,-0.363439034520954,-0.36343903452101,-0.363439034520975,-0.363439034520843,-0.363439034520838,-0.363439034520972,-0.363439034520936,-0.363439034520938,-0.363439034521019,-0.363439034520979,-0.363439034520938,-0.363439034520938,-0.363439034520938,-0.363439034520892,-0.363439034520846,-0.363439034520843,-0.363439034520933,-0.363439034521028,-0.363439034520985,-0.363439034520938,-0.363439034520985,-0.363439034521038,-0.363439034520888,-0.363439034520888,-0.36343903452099,-0.363439034520938,-0.363439034520938,-0.363439034520827,-0.363439034520768,-0.363439034520935,-0.363439034521104,-0.363439034521051,-0.363439034520938,-0.363439034520938,-0.363439034520879,-0.363439034520815,-0.363439034520999,-0.36343903452106,-0.36343903452081,-0.363439034520938,-0.363439034520935,-0.363439034520807,-0.363439034521065,-0.363439034520935,-0.363439034520938,-0.363439034521071,-0.363439034520802,-0.363439034520938,-1.36002320516582e-13,0.363439034521074,0.363439034520938,0.363439034520802,0.363439034521068,0.363439034520938,0.363439034520677,0.363439034520938,0.363439034521196,0.36343903452094,0.36343903452081,0.363439034521182,0.363439034521176,0.363439034520807,0.363439034520813,0.363439034520818,0.363439034520821,0.36343903452094,0.363439034520938,0.363439034521049,0.363439034520938,0.363439034520935,0.363439034521151,0.363439034520829,0.363439034520727,0.363439034520938,0.363439034520938,0.363439034520938,0.363439034520838,0.36343903452084,0.36343903452094,0.363439034521131,0.363439034521128,0.363439034520752,0.363439034520935,0.363439034521118,0.363439034521022,0.363439034521018,0.36343903452076,0.363439034520849,0.363439034521019,0.363439034520935,0.363439034521251,0.363439034521557,0.363439034521229,0.363439034520989,0.36343903452062,0.363439034520116,0.363439034520499,0.36343903452101,0.363439034521076,0.363439034520938,0.36343903452087,0.363439034521001,0.363439034520939,0.363439034520814,0.363439034520938,0.363439034521057,0.363439034520938,0.363439034520935,0.363439034520992,0.36343903452104,0.363439034521035,0.363439034520727,0.363439034520735,0.363439034521035,0.363439034521032,0.363439034520846,0.363439034520936,0.363439034521024,0.363439034520854,0.363439034520857,0.363439034521016,0.363439034521013,0.363439034520865,0.363439034520935,0.363439034521004,0.363439034520936,0.363439034520936,0.363439034520935,0.363439034520935,0.363439034520886,0.363439034520888,0.363439034520985,0.363439034521024,0.363439034520935,0.363439034520894,0.363439034520931,0.3634390345209,0.363439034520907,0.363439034520966,0.363439034520941,0.363439034520916,0.363439034520957,0.363439034520941,0.363439034520924,0.363439034520949,0.363439034520946,0.363439034520935,0.363439034520935,0.363439034520936
tau1,-49.563735408732,-49.5876005479256,-49.5934070380055,-49.5811776946084,-49.5509422090485,-49.5027371218607,-49.4366057934521,-49.352598371884,-49.2507717577954,-49.1311895664963,-48.993922087249,-48.8390462397574,-48.6666455278933,-48.4768099906844,-48.2696361505843,-48.0452269590603,-47.8036917395313,-47.5451461276763,-47.2697120091388,-46.9775174546847,-46.6686966528331,-46.3433898399839,-46.0017432281084,-45.6439089300158,-45.2700448822238,-44.8803147655095,-44.4748879231645,-44.0539392769764,-43.6176492410107,-43.1662036332239,-42.6997935849415,-42.2186154482617,-41.7228707014313,-41.2127658522312,-40.688512339432,-40.1503264323516,-39.5984291285865,-39.0330460499627,-38.4544073367297,-37.8627475401023,-37.2583055131578,-36.6413243001597,-36.0120510243686,-35.3707367743776,-34.7176364890573,-34.0530088411399,-33.3771161195012,-32.6902241102256,-31.9926019764762,-31.2845221372428,-30.5662601450413,-29.8380945626065,-29.1003068386409,-28.3531811826849,-27.5970044391611,-26.8320659606612,-26.0586574805372,-25.2770729848515,-24.4876085837397,-23.6905623822775,-22.8862343508894,-22.0749261953504,-21.256941226472,-20.4325842295205,-19.6021613334283,-18.7659798798524,-17.9243482921625,-17.0775759444137,-16.2259730303454,-15.3698504324845,-14.5095195914237,-13.6452923753296,-12.777480949719,-11.9063976475921,-11.0323548399763,-10.155664806938,-9.27663960912004,-8.39559095985569,-7.51283009794416,-6.62866766112331,-5.7434135602972,-4.8573768545982,-3.97086562731682,-3.08418686275232,-2.19764632407254,-1.31154843221285,-0.426196145856501,0.458109157417998,1.34106779878064,2.22238191455205,3.10175557128904,3.97889487950947,4.85350810600497,5.72530578469661,6.59400082598808,7.45930862456151,8.32094716556683,9.17863712916195,10.0321019933731,10.8810681352088,17.3411504669068,23.8552847884344,24.7473022122636,25.6327893480842,26.5114510806605,27.3829962093651,28.2471375486341,29.1035920262167,29.952080779183,30.7923292476554,31.624067266224,32.4470291530136,33.2609537963591,34.0655847390881,34.8606702603554,35.6459634549672,36.4212223102481,37.1862097803714,37.9406938581153,38.6844476440587,39.417249413169,40.1388826787695,40.8491362538646,41.5478043098011,42.2346864322595,42.9095876745413,43.5723186081487,44.2226953706482,44.8605397107885,45.4856790308802,46.097946426428,46.6971807229912,47.283226510276,47.8559341734611,48.4151599217427,48.9607658140964,49.4926197822692,50.0105956509822,50.5145731553605,51.0044379556002,51.4800816488358,51.9414017782685,52.3883018395428,52.8206912843594,53.2384855213555,53.641605914261,54.029979777347,54.4035403681692,54.7622268776243,55.1059844173479,55.4347640044616,55.7485225436813,56.0472228068277,56.3308334097501,56.5993287866706,56.8526891620011,57.0909005196472,57.3139545698102,57.5218487133364,57.7145860036407,57.8921751062182,58.0546302557902,58.2019712111062,58.3342232074507,58.4514169068754,58.5535883461805,58.6407788827234,58.7130351380495,58.7704089393947,58.8129572591303,58.8407421521353,58.8538306911751,58.852294900331,58.8362116864964,58.8056627690099,58.7607346074562,58.7015183276853,58.6281096460947,58.5406087922126,58.4391204296455,58.3237535754335,58.1946215178548,58.051841732732,57.8955357982958,57.7258293086535,57.5428517859097,57.3467365910007,57.1376208332789,56.9156452789146,56.6809542581694,56.4336955715783,56.174020395107,55.902083184338,55.6180415777415,55.3220562990832,55.0142910590112,54.6949124559021,54.3640898760057,54.0219953929454,53.6688036666376,53.3046918416781
tau2,37.933925614147,37.92816409561,37.912345118303,37.8864883181352,37.8506181772501,37.8047640087391,37.7489599388375,37.683244886624,37.6076625412203,37.5222613365186,37.4270944234654,37.3222196398762,37.2076994778409,37.0836010487291,36.9499960457765,36.8069607043415,36.6545757598327,36.4929264032839,36.3221022346538,36.1421972138783,35.9533096096577,35.7555419460411,35.5490009468806,35.333797478094,35.1100464878029,34.877866944447,34.6373817727872,34.3887177879237,34.1320056273882,33.8673796812376,33.5949780202752,33.3149423224176,33.0274177972275,32.732553108683,32.4305002962174,32.1214146940603,31.8054548489295,31.4827824361314,31.1535621740892,30.8179617373715,30.4761516682595,30.1283052868958,29.7745986000547,29.4152102086106,29.0503212137327,28.6801151218606,28.3047777485167,27.9244971209886,27.5394633799707,27.1498686801872,26.7559070900456,26.3577744903907,25.9556684724306,25.5497882348404,25.1403344801276,24.7275093103277,24.311516122042,23.892559500944,23.4708451157247,23.0465796115702,22.619970503287,22.1912260680297,21.7605552377247,21.3281674913007,20.8942727467127,20.4590812528403,20.02280348132,19.5856500183678,19.1478314566725,18.7095582873454,18.2710407920469,17.8324889353593,17.3941122573945,16.9561197667331,16.5187198337574,16.0821200844258,15.6465272945361,15.2121472845213,14.7791848148808,14.3478434822458,13.9183256161359,13.4908321765344,13.0655626522547,12.6427149601494,12.2224853452577,11.8050682819589,11.3906563761127,10.9794402682498,10.5716085379438,10.1673476093329,9.76684165782622,9.37027251811202,8.97781959349678,8.58965976656066,8.20596731122952,7.82691380631076,7.45266805053119,7.08339597908199,6.71926058173681,6.36042182264705,0.674042243376052,-4.92597608150508,-5.187796631829,-5.44430552467067,-5.69539758771341,-5.9409707343766,-6.18092601884008,-6.41516768929278,-6.6436032394119,-6.86614345798995,-7.08270247674178,-7.29319781622152,-7.49755042981507,-7.69568474587381,-7.88752870785855,-8.07301381248982,-8.25207514597957,-8.42465141822338,-8.59068499495534,-8.75012192788906,-8.90291198279479,-9.04900866550445,-9.18836924582422,-9.32095477936906,-9.44673012729394,-9.56566397388542,-9.6777288420463,-9.782901106656,-9.881161005769,-9.97249264968276,-10.0568840278732,-10.1343270137632,-10.2048173673365,-10.26835473561,-10.3249426509552,-10.3745885272738,-10.4173036540289,-10.4531031881214,-10.4820061436474,-10.5040353795329,-10.5192175850234,-10.5275832630819,-10.5291667116942,-10.5240060030695,-10.5121429607705,-10.4936231347816,-10.4684957745323,-10.4368137998888,-10.3986337701283,-10.3540158509215,-10.3030237793408,-10.2457248269066,-10.1821897607026,-10.1124928025841,-10.0367115864931,-9.95492711390881,-9.86722370746587,-9.77368896276027,-9.67441369837052,-9.5694919041239,-9.45902068764129,-9.34310021918635,-9.22183367484583,-9.09532717809013,-8.9636897397343,-8.82703319632256,-8.68547214699958,-8.5391238888879,-8.38810835100173,-8.23254802674843,-8.07256790504701,-7.90829540010543,-7.73986027989693,-7.5673945933737,-7.39103259645976,-7.21091067686471,-7.02716727776083,-6.83994282036654,-6.64937962547816,-6.45562183399446,-6.2588153264809,-6.05910764181472,-5.85664789495816,-5.65158669390796,-5.44407605586309,-5.23426932266069,-5.02232107552607,-4.80838704918316,-4.59262404537962,-4.37518984586471,-4.15624312487145,-3.93594336116058,-3.71445074966363,-3.49192611277932,-3.26853081137283,-3.04442665552352,-2.81977581507574,-2.59474073003925,-2.3694840208889,-2.14416839881401,-1.91895657596539
tau3,3.28972328466002,3.31737315997286,3.34430663168058,3.37050361637742,3.39594420054093,3.42060864929829,3.44447741513301,3.4675311465293,3.48975069654951,3.51111713134226,3.53161173858036,3.55121603581894,3.56991177877627,3.58768096953355,3.60450586464349,3.62036898315515,3.63525311454827,3.64914132656746,3.66201697296014,3.67386370111597,3.68466545959781,3.69440650556639,3.70307141210147,3.71064507540371,3.71711272187961,3.7224599151158,3.72667256272262,3.72973692305862,3.73163961183372,3.73236760857586,3.7319082629692,3.73024930105875,3.72737883131645,3.72328535057034,3.71795774979295,3.71138531974541,3.70355775647589,3.69446516667119,3.68409807285692,3.67244741844699,3.65950457263951,3.6452613351564,3.62970994082407,3.61284306399634,3.59465382281553,3.57513578331048,3.55428296333032,3.53208983631031,3.50855133487275,3.48366285425795,3.45742025558289,3.42981986892863,3.400858496258,3.37053341415529,3.33884237639084,3.30578361631138,3.27135584904933,3.23555827356019,3.1983905744748,3.1598529237702,3.11994598226872,3.07867090094857,3.03602932207095,2.99202338013134,2.94665570262432,2.89992941062473,2.85184811918551,2.80241593755218,2.75163746919653,2.69951781166019,2.64606255621645,2.59127778735201,2.53517008206042,2.47774650895231,2.41901462718327,2.35898248519868,2.2976586192964,2.23505205200409,2.17117229027866,2.10602932352284,2.0396336214173,1.97199613158119,1.90312827705025,1.83304195357268,1.76174952673015,1.68926382888775,1.61559815596402,1.54076626402313,1.46478236570278,1.38766112646817,1.30941766068982,1.23006752755736,1.1496267268306,1.06811169441571,0.985539297780154,0.901926831208506,0.817292010894653,0.731652969874974,0.645028252801883,0.557436810567962,0.0381618721795657,-0.458222115828318,-0.524513057002211,-0.591428865141126,-0.658951026571251,-0.727060728645976,-0.795738865776467,-0.864966045589005,-0.93472259520945,-1.00498856766211,-1.07574374839071,-1.14696766189535,-1.21863957847915,-1.29073852111123,-1.36324327239408,-1.43613238163401,-1.50938417202071,-1.58297674790404,-1.6568880021662,-1.73109562369098,-1.80557710492529,-1.88030974952714,-1.95527068010041,-2.03043684601462,-2.10578503130257,-2.18129186263585,-2.2569338173748,-2.33268723168934,-2.40852830874658,-2.48443312696344,-2.56037764832389,-2.6363377267516,-2.71228911653792,-2.78820748082254,-2.86406840012234,-2.93984738090933,-3.0155198642271,-3.0910612343455,-3.16644682745475,-3.24165194038994,-3.31665183938394,-3.3914217688465,-3.46593696016643,-3.54017264053329,-3.61410404177264,-3.687706409193,-3.76095501044546,-3.83382514438541,-3.90629214993591,-3.9783314149538,-4.04991838508674,-4.12102857262232,-4.19163756532748,-4.26172103527301,-4.33125474763881,-4.40021456949625,-4.46857647856724,-4.53631657195479,-4.6034110748404,-4.66983634914633,-4.73556890216093,-4.80058539512082,-4.86486265174727,-4.928377666736,-4.99110761419359,-5.05302985601933,-5.11412195022973,-5.17436165922009,-5.23372695796177,-5.29219604213363,-5.34974733618,-5.40635950129478,-5.46201144333055,-5.51668232062571,-5.5703515517482,-5.62299882315363,-5.67460409675495,-5.72514761739866,-5.77460992024624,-5.82297183805827,-5.87021450837764,-5.91631938060908,-5.96126822299207,-6.00504312946576,-6.04762652642178,-6.08900117934231,-6.12915019932191,-6.16805704946964,-6.20570555119011,-6.24207989033904,-6.2771646232524,-6.31094468264731,-6.34340538339033,-6.37453242813319,-6.40431191281251,-6.43273033201044,-6.45977458417645,-6.48543197670661,-6.50969023087831,-6.53253748663962,-6.55396230725009
m1,-4.67613811269435,-4.6802802879529,-4.68460987911297,-4.68912509795843,-4.69382411696117,-4.69870506972501,-4.70376605143848,-4.70900511933633,-4.71442029316593,-4.72000955566437,-4.72577085304313,-4.73170209547678,-4.73780115760338,-4.74406587903042,-4.75049406484575,-4.75708348613609,-4.76383188051901,-4.77073695267819,-4.77779637489341,-4.78500778759196,-4.79236879990577,-4.79987699022281,-4.80752990676301,-4.81532506815265,-4.82325996398702,-4.83133205542137,-4.83953877576432,-4.84787753106607,-4.8563457007208,-4.86494063807648,-4.87365967104216,-4.88250010270056,-4.89145921193414,-4.90053425404743,-4.90972246140029,-4.91902104403656,-4.92842719032498,-4.93793806760905,-4.94755082284121,-4.95726258324421,-4.96707045696521,-4.97697153373028,-4.98696288550839,-4.99704156717006,-5.00720461716475,-5.01744905818982,-5.02777189786031,-5.03817012939475,-5.04864073229168,-5.05918067300457,-5.06978690563247,-5.08045637260746,-5.0911860053814,-5.10197272511872,-5.11281344338531,-5.12370506284248,-5.13464447794565,-5.14562857564158,-5.15665423605657,-5.16771833320382,-5.17881773568763,-5.18994930739225,-5.20110990818546,-5.21229639462237,-5.22350562064798,-5.2347344382907,-5.24597969836746,-5.25723825119282,-5.26850694727236,-5.27978263799701,-5.29106217634634,-5.30234241759598,-5.31362022000469,-5.32489244551081,-5.33615596042937,-5.3474076361484,-5.35864434982266,-5.369862985054,-5.38106043258715,-5.39223359099629,-5.40337936736203,-5.41449467796218,-5.42557644895049,-5.43662161702205,-5.447627130096,-5.45858994799176,-5.46950704308492,-5.48037540097614,-5.49119202115979,-5.50195391767436,-5.51265811975608,-5.52330167249063,-5.53388163746225,-5.54439509339748,-5.55483913679959,-5.5652108825804,-5.57550746469334,-5.58572603676285,-5.59586377269689,-5.60591786730525,-2.62471041085878e-13,5.62576401996571,5.6355505776214,5.64524249435435,5.65483707854103,5.66433166304442,5.67372360579234,5.68301029034854,5.69218912647825,5.70125755070937,5.71021302688715,5.71905304672222,5.7277751303221,5.73637682673826,5.74485571450155,5.75320940211524,5.76143552858499,5.76953176393423,5.77749580969155,5.7853253993893,5.79301829904708,5.80057230764998,5.80798525761934,5.81525501527372,5.82237948128942,5.8293565911454,5.8361843155605,5.8428606609299,5.8493836697424,5.85575142099513,5.86196203060821,5.86801365182001,5.87390447557453,5.87963273090676,5.88519668531562,5.89059464512394,5.89582495584066,5.90088600250255,5.90577621001348,5.91049404348431,5.91503800853491,5.91940665161052,5.92359856029378,5.92761236359044,5.93144673221141,5.93510037884612,5.93857205843285,5.94186056841211,5.94496474896862,5.94788348327117,5.95061569770142,5.95316036206415,5.95551648979919,5.95768313818458,5.95965940851468,5.96144444628243,5.96303744135297,5.96443762811445,5.96564428562723,5.96665673776874,5.96747435335898,5.96809654628054,5.96852277558383,5.96875254559168,5.96878540599054,5.96862095189619,5.96825882393575,5.96769870830274,5.96694033679815,5.96598348688648,5.96482798171339,5.96347369012163,5.9619205266681,5.96016845161497,5.95821747092127,5.95606763622085,5.95371904479269,5.95117183952115,5.94842620883862,5.94548238666501,5.94234065234003,5.93900133054099,5.93546479118789,5.93173144934406,5.92780176510548,5.9236762434779,5.91935543425065,5.91483993185002,5.91013037518903,5.90522744751374,5.90013187622813,5.89484443271405,5.88936593214107,5.88369723327194,5.87783923825754,5.8717928924109,5.86555918398382,5.85913914393068,5.85253384565994,5.84574440478389,5.83877197885316
m2,5.85186969924845,5.84862330426465,5.84533101998396,5.84199299660888,5.83860938672838,5.83518034531151,5.8317060296965,5.82818659958719,5.82462221703896,5.82101304644805,5.81735925455729,5.8136610104358,5.80991848547379,5.80613185338366,5.80230129016611,5.79842697411028,5.79450908580397,5.79054780810774,5.78654332614337,5.7824958272982,5.77840550120083,5.77427253969996,5.77009713688972,5.76587948908915,5.76161979480989,5.75731825477977,5.75297507190004,5.74859045122869,5.74416460000886,5.73969772763592,5.73519004564952,5.7306417677275,5.72605310966476,5.72142428936356,5.71675552682845,5.71204704415338,5.70729906550698,5.70251181712672,5.69768552730013,5.69282042635384,5.68791674664737,5.6829747225616,5.67799459047686,5.6729765887673,5.66792095778905,5.66282793986696,5.65769777928556,5.65253072226457,5.64732701695696,5.64208691343888,5.63681066368771,5.63149852156441,5.62615074281803,5.62076758506321,5.61534930776119,5.6098961722162,5.60440844154527,5.5988863806914,5.59333025639526,5.5877403371615,5.58211689328123,5.57646019680545,5.5707705215106,5.56504814290626,5.55929333821873,5.55350638637227,5.54768756797088,5.54183716528215,5.53595546224515,5.53004274443195,5.52409929902712,5.51812541483792,5.51212138226792,5.5060874932949,5.50002404145829,5.49393132185088,5.48780963110498,5.48165926736202,5.47548053027542,5.46927372098988,5.46303914210108,5.45677709767019,5.45048789321192,5.44417183565691,5.43782923333063,5.43146039596615,5.42506563468091,5.41864526193026,5.41219959152021,5.40572893859817,5.39923361960843,5.39271395228327,5.38617025564992,5.3796028499951,5.3730120568405,5.36639819893257,5.35976160024128,5.35310258592982,5.34642148231977,5.33971861691426,8.76416921247019e-13,-5.32624891640787,-5.31948274194064,-5.3126961269185,-5.30588940437684,-5.29906290841254,-5.29221697416469,-5.2853519377862,-5.27846813644082,-5.27156590827087,-5.26464559239398,-5.25770752888477,-5.25075205873092,-5.24377952385321,-5.23679026708066,-5.22978463209802,-5.22276296346073,-5.21572560657551,-5.20867290766689,-5.20160521376909,-5.19452287270969,-5.1874262330906,-5.18031564425969,-5.17319145629947,-5.16605402001825,-5.15890368691764,-5.15174080917729,-5.14456573964713,-5.1373788318157,-5.13018043979062,-5.12297091829377,-5.11575062263848,-5.10851990870351,-5.10127913291609,-5.09402865223431,-5.08676882413198,-5.07950000658336,-5.07222255803386,-5.06493683738549,-5.05764320398837,-5.05034201760536,-5.04303363839644,-5.03571842691007,-5.02839674405879,-5.02106895109891,-5.01373540961178,-5.00639648148632,-4.99905252890093,-4.99170391430182,-4.98435100038525,-4.9769941500811,-4.96963372653048,-4.9622700930662,-4.95490361319779,-4.947534650591,-4.94016356904633,-4.93279073248165,-4.92541650491451,-4.91804125044199,-4.91066533322036,-4.90328911744807,-4.8959129673475,-4.88853724714058,-4.88116232103521,-4.87378855320947,-4.86641630778231,-4.85904594879952,-4.85167784021801,-4.84431234588261,-4.83694982950887,-4.8295906546635,-4.82223518474505,-4.8148837829657,-4.80753681233197,-4.8001946356257,-4.79285761538477,-4.78552611388434,-4.77820049311864,-4.77088111478157,-4.76356834024717,-4.75626253055183,-4.74896404637486,-4.74167324801888,-4.7343904953925,-4.7271161479907,-4.7198505648764,-4.71259410466145,-4.70534712548646,-4.69810998500576,-4.69088304036704,-4.68366664818944,-4.67646116454861,-4.6692669449573,-4.66208434434669,-4.65491371704873,-4.64775541677586,-4.64060979660339,-4.63347720895108,-4.62635800556467,-4.61925253749773,-4.61216115509247
m3,0.459067105380136,0.45883623261244,0.45860419267008,0.45837098849502,0.458136623044804,0.45790109929273,0.457664420227387,0.457426588853251,0.457187608189812,0.456947481271189,0.456706211148129,0.456463800886274,0.45622025356662,0.455975572286907,0.455729760157975,0.455482820305105,0.455234755870693,0.45498557001178,0.454735265899841,0.454483846722689,0.454231315682263,0.453977675993089,0.453722930887158,0.453467083612298,0.453210137429161,0.452952095615929,0.452692961463611,0.452432738275257,0.4521714293713,0.451909038086409,0.45164556776992,0.451381021786334,0.451115403513924,0.450848716344989,0.450580963686537,0.450312148960085,0.450042275601257,0.449771347060379,0.4494993668015,0.449226338302589,0.448952265056091,0.448677150569022,0.448400998361705,0.448123811968529,0.447845594937922,0.447566350832213,0.447286083228125,0.447004795715111,0.446722491896777,0.446439175391239,0.446154849829804,0.445869518856218,0.445583186129102,0.445295855320844,0.44500753011661,0.444718214215567,0.444427911328442,0.444136625181517,0.443844359514706,0.443551118078052,0.44325690463726,0.442961722971996,0.442665576872578,0.442368470143271,0.442070406601954,0.441771390079397,0.441471424418627,0.441170513474781,0.440868661118074,0.440565871230659,0.440262147705753,0.439957494450715,0.439651915385699,0.439345414442803,0.439037995566322,0.43872966271304,0.438420419853241,0.438110270968447,0.437799220053262,0.437487271115372,0.437174428171558,0.436860695252015,0.436546076401174,0.436230575674335,0.43591419713665,0.435596944867275,0.435278822958602,0.434959835511719,0.434639986640278,0.434319280472065,0.433997721144502,0.433675312804987,0.433352059615821,0.433027965750146,0.432703035390842,0.432377272732907,0.432050681983189,0.431723267360224,0.431395033091768,0.431065983418378,-3.7536791122893e-15,-0.430405454876268,-0.430073984543178,-0.429741715877443,-0.429408653173668,-0.429074800739006,-0.428740162890842,-0.428404743955909,-0.428068548273515,-0.427731580192533,-0.427393844072205,-0.427055344283273,-0.426716085205295,-0.42637607122973,-0.426035306759221,-0.425693796204338,-0.425351543986655,-0.425008554538841,-0.424664832302864,-0.42432038173056,-0.423975207284711,-0.423629313437765,-0.423282704671264,-0.422935385477231,-0.422587360357268,-0.422238633822589,-0.421889210394282,-0.421539094603477,-0.421188290990433,-0.420836804103783,-0.420484638502795,-0.420131798756532,-0.419778289443041,-0.419424115149206,-0.419069280469918,-0.418713790010728,-0.418357648386722,-0.418000860220703,-0.417643430144899,-0.417285362800898,-0.416926662838801,-0.416567334916937,-0.416207383702308,-0.415846813871558,-0.415485630109933,-0.415123837109818,-0.41476143957301,-0.414398442209693,-0.414034849737221,-0.413670666882795,-0.413305898381992,-0.412940548977568,-0.412574623420116,-0.412208126468772,-0.411841062891106,-0.411473437461894,-0.411105254963657,-0.410736520187292,-0.410367237931344,-0.409997413001384,-0.409627050211036,-0.409256154381666,-0.408884730341544,-0.408512782926781,-0.408140316980749,-0.40776733735382,-0.407393848904128,-0.407019856496684,-0.406645365002948,-0.406270379302349,-0.405894904281221,-0.405518944832031,-0.405142505854627,-0.404765592255837,-0.404388208948889,-0.404010360853277,-0.403632052895615,-0.403253290009094,-0.402874077132991,-0.402494419213102,-0.402114321201602,-0.401733788056995,-0.401352824743692,-0.400971436232365,-0.400589627499929,-0.400207403529212,-0.399824769308834,-0.399441729833181,-0.399058290102806,-0.398674455123952,-0.398290229908255,-0.397905619473178,-0.397520628841471,-0.397135263041426,-0.396749527107158,-0.396363426077764,-0.395976964997633,-0.395590148916478,-0.395202982889001,-0.394815471975065,-0.394427621239507
c1,0,-4.23617794728777e-05,-0.000176908253179555,-0.00041466840895026,-0.000766448026519476,-0.00124282197140122,-0.00185412662621774,-0.00261045246277054,-0.00352163675808685,-0.00459725645761033,-0.00584662118864967,-0.00727876642713431,-0.00890244682065752,-0.0107261296707405,-0.0127579885771623,-0.0150058972471482,-0.0174774234721468,-0.0201798232748541,-0.0231200352290515,-0.0263046749547962,-0.0297400297913999,-0.0334320536505661,-0.0373863620519873,-0.0416082273436585,-0.0461025741090141,-0.0508739747629902,-0.0559266453390307,-0.0612644414689265,-0.0668908545573587,-0.0728090081529363,-0.0790216545173801,-0.0855311713945005,-0.0923395589804797,-0.0994484370969251,-0.106859042568058,-0.114572226803347,-0.122588453586762,-0.130907797073816,-0.139529939997414,-0.148454172083455,-0.157679388677124,-0.167204089580595,-0.177026378102922,-0.18714396032267,-0.1975541445639,-0.208253841085923,-0.219239561987197,-0.230507421323668,-0.242053135441733,-0.253872023525967,-0.265959008361603,-0.27830861731176,-0.290914983509215,-0.303771847262573,-0.316872557676427,-0.330210074485184,-0.343776970100024,-0.357565431868433,-0.37156726454574,-0.385773892977701,-0.40017636499356,-0.414765354508547,-0.42953116483478,-0.444463732199572,-0.45955262946998,-0.474787070082317,-0.49015591217526,-0.505647662925264,-0.521250483082679,-0.536952191707077,-0.552740271100006,-0.568601871933603,-0.584523818573151,-0.60049261459169,-0.616494448474712,-0.632515199512925,-0.648540443880918,-0.664555460899539,-0.680545239479669,-0.696494484745129,-0.712387624832139,-0.728208817862884,-0.743941959090809,-0.759570688214612,-0.77507839685851,-0.790448236215813,-0.805663124853196,-0.820705756672342,-0.835558609026291,-0.850203950987321,-0.864623851763253,-0.878800189258846,-0.892714658779218,-0.906348781871981,-0.919683915304435,-0.932701260172738,-0.945381871139245,-0.957706665794717,-0.969656434141613,-0.981211848194785,-0.992353471696084,-0.963729870323502,-0.935399617222321,-0.907375454751508,-0.879669669790751,-0.85229409234897,-0.825260094402184,-0.798578588960177,-0.77226002936121,-0.74631440879386,-0.720751260045255,-0.695579655474395,-0.670808207209826,-0.646445067570284,-0.622497929706974,-0.598974028466436,-0.575880141472391,-0.553222590425051,-0.531007242616373,-0.509239512659653,-0.487924364431628,-0.467066313225324,-0.446669428111808,-0.42673733450876,-0.407273216953983,-0.388279822081597,-0.36975946179882,-0.35171401666108,-0.334144939443048,-0.317053258903331,-0.30043958374026,-0.284304106736194,-0.268646609087905,-0.25346646492023,-0.238762645980308,-0.224533726509647,-0.210777888291069,-0.197492925867697,-0.184676251931015,-0.172324902874858,-0.160435544512356,-0.149004477952628,-0.13802764563401,-0.127500637510569,-0.117418697388594,-0.107776729409701,-0.0985693046771403,-0.0897906680218022,-0.0814347449044943,-0.0734951484508469,-0.0659651866152943,-0.0588378694704841,-0.0521059166184311,-0.0457617647196681,-0.0397975751366495,-0.0342052416876069,-0.0289763985070118,-0.0241024280087718,-0.0195744689482619,-0.0153834245792555,-0.0115199709017795,-0.00797456499690646,-0.00473745344446137,-0.00179868081959269,0.000851901735860843,0.00322462787129735,0.00533000731870128,0.00717871712153212,0.00878159280530896,0.0101496194940637,0.0112939229768456,0.0122257607284583,0.0129565128886498,0.0134976732039725,0.0138608399365262,0.0140577067438267,0.0141000535340313,0.0139997373007673,0.0137686829417958,0.0134188740657647,0.0129623437912864,0.0124111655425805,0.0117774438459175,0.0110733051310913,0.0103108885421437,0.00950233676155196,0.00865978685208227,0.00779536112049962,0.0069211580073122,0.00604924300670741,0.00519163962082902,0.00436032035252032,0.00356719774063899,0.00282411544203096,0.00214283936422532,0.00153504885288947,0.00101232793805761,0.000586156643117683,0.000267902360514712,6.88112980968434e-05,0
c2,0,-7.32423119793631e-05,-0.000302516157226663,-0.000701970485345788,-0.00128551845938317,-0.00206682853105008,-0.00305931566052516,-0.00427613268451241,-0.00573016183617025,-0.0074340064204602,-0.00939998264840295,-0.0116401116336606,-0.0141661115547952,-0.0169893899864964,-0.020121036402981,-0.0235718148567183,-0.0273521568355445,-0.0314721543011866,-0.0359415529120905,-0.0407697454334245,-0.0459657653370328,-0.0515382805940313,-0.0574955876626614,-0.0638456056739722,-0.0705958708177597,-0.0777535309311398,-0.0853253402920929,-0.0933176546201844,-0.101736426286556,-0.110587199735304,-0.119875107118175,-0.129604864144455,-0.139780766147866,-0.150406684372183,-0.161486062477165,-0.17302191326639,-0.185016815638348,-0.197472911762276,-0.210391904479902,-0.22377505493429,-0.237623180426967,-0.251936652504199,-0.266715395273427,-0.28195888395062,-0.297666143639286,-0.313835748341825,-0.330465820203669,-0.34755402899075,-0.36509759180063,-0.383093273007512,-0.401537384441329,-0.420425785801055,-0.439753885302119,-0.459516640557899,-0.479708559695069,-0.500323702702475,-0.521355683013222,-0.542797669319458,-0.564642387619295,-0.586882123495142,-0.60950872462288,-0.632513603510825,-0.655887740467643,-0.679621686798196,-0.70370556822618,-0.728129088542399,-0.75288153347716,-0.777951774795824,-0.803328274615617,-0.82899908994233,-0.854951877425229,-0.881173898328449,-0.907652023717007,-0.934372739855553,-0.961322153817784,-0.98848599930458,-1.01584964266853,-1.04339808914271,-1.07111598927131,-1.0989876455397,-1.12699701920149,-1.15512773729982,-1.18336309988065,-1.21168608739464,-1.24007936828546,-1.26852530676118,-1.29700597074612,-1.32550314000968,-1.35399831446952,-1.38247272266552,-1.41090733040148,-1.43928284955107,-1.46757974702465,-1.4957782538937,-1.52385837466898,-1.5517998967291,-1.57958239989558,-1.60718526615086,-1.63458768949551,-1.66176868594043,-1.68870710363055,-1.64811835956986,-1.60783995890756,-1.5678885358591,-1.52828022410961,-1.48903065461042,-1.45015495362542,-1.4116677410266,-1.37358312883844,-1.33591472003006,-1.29867560755451,-1.26187837363399,-1.22553508929034,-1.18965731411939,-1.15425609630792,-1.11934197289218,-1.08492497025647,-1.05101460487025,-1.01761988426206,-0.984749308229067,-0.952410870280001,-0.920612059309965,-0.889359861505133,-0.858660762475216,-0.828520749611965,-0.798945314671097,-0.76993945657581,-0.741507684439433,-0.713654020804727,-0.686382005097551,-0.659694697292315,-0.633594681786382,-0.608084071481116,-0.583164512066517,-0.558837186506688,-0.535102819723374,-0.511961683474392,-0.489413601424015,-0.467457954402339,-0.446093685850159,-0.425319307446415,-0.405132904914834,-0.385532144006301,-0.366514276653682,-0.348076147295579,-0.330214199365497,-0.312924481942823,-0.296202656562003,-0.280044004176218,-0.264443432271831,-0.249395482129797,-0.23489433623021,-0.220933825796128,-0.207507438472678,-0.194608326137549,-0.182229312838827,-0.17036290285609,-0.159001288880719,-0.148136360311268,-0.137759711659733,-0.127862651064506,-0.11843620890582,-0.109471146519369,-0.100957965003877,-0.0928869141182225,-0.0852480012638324,-0.0780310005479648,-0.0712254619234505,-0.0648207204005355,-0.0588059053263549,-0.0531699497275918,-0.0479015997118843,-0.0429894239234649,-0.0384218230485654,-0.0341870393660739,-0.0302731663389333,-0.0266681582417647,-0.0233598398201859,-0.0203359159773023,-0.0175839814828354,-0.0150915307003574,-0.0128459673280993,-0.0108346141488072,-0.00904472278412239,-0.00746348344896544,-0.0060780347014161,-0.00487547318358885,-0.00384286334901254,-0.00296724717204082,-0.00223565383482767,-0.00163510938742413,-0.00115264637656758,-0.000775313438753716,-0.000490184853203797,-0.000284370050361658,-0.00014502307157944,-5.93519756763446e-05,-1.46281880828282e-05,1.80421168908108e-06,2.51926847739043e-06,0
c3,0,-2.33833498928342e-05,-9.46790558518908e-05,-0.000215628427433078,-0.000388002650273098,-0.000613602080261865,-0.000894255527025302,-0.00123181952690073,-0.00162817760559039,-0.00208523953067877,-0.00260494055420485,-0.00318924064548113,-0.00384012371435049,-0.00455959682508232,-0.00534968940110146,-0.00621245242074988,-0.00714995760428859,-0.00816429659234304,-0.00925758011599235,-0.0104319371587187,-0.0116895141104239,-0.0130324739137223,-0.0144629952027273,-0.0159832714345548,-0.0175955100137451,-0.0193019314098315,-0.0211047682682823,-0.0230062645150205,-0.025008674454762,-0.0271142618633971,-0.0293252990746297,-0.031644066061116,-0.0340728495103229,-0.0366139418953406,-0.0392696405408811,-0.0420422466847017,-0.0449340645346736,-0.0479474003217496,-0.0510845613490556,-0.0543478550373413,-0.0577395879670439,-0.0612620649171888,-0.064917587901379,-0.0687084552011009,-0.0726369603966048,-0.0767053913955954,-0.0809160294599731,-0.0852711482308763,-0.0897730127522649,-0.0944238784932954,-0.0992259903697232,-0.104181581764593,-0.109292873548446,-0.114562073099319,-0.119991373322744,-0.125582951672032,-0.131338969169059,-0.137261569425827,-0.143352877667046,-0.149614999753938,-0.156050021209591,-0.162660006246052,-0.169446996793417,-0.176413011531171,-0.183560044922035,-0.19089006624856,-0.198405018652684,-0.206106818178564,-0.213997352818865,-0.222078481564796,-0.230352033460092,-0.238819806659239,-0.247483567490145,-0.256345049521525,-0.265405952635213,-0.274667942103677,-0.284132647672962,-0.293801662651288,-0.30367654300356,-0.313758806452025,-0.3240499315833,-0.334551356961993,-0.345264480251245,-0.356190657340273,-0.367331201479272,-0.378687382421832,-0.390260425575192,-0.402051511158412,-0.414061773368826,-0.426292299556935,-0.438744129409999,-0.451418254144481,-0.464315615707633,-0.477437105988459,-0.490783566038167,-0.504355785300443,-0.518154500851661,-0.532180396651332,-0.546434102802954,-0.560916194825418,-0.575627192935319,-0.567410319448645,-0.559160413614462,-0.550880127196405,-0.542572126074459,-0.534239089220182,-0.52588370767077,-0.517508683502233,-0.50911672880198,-0.500710564641022,-0.492292920046097,-0.483866530971844,-0.47543413927348,-0.46699849168008,-0.458562338768676,-0.450128433939595,-0.441699532393193,-0.433278390108171,-0.424867762821809,-0.416470405012352,-0.408089068883776,-0.399726503353171,-0.391385453041036,-0.383068657264641,-0.374778849034835,-0.366518754056361,-0.358291089732091,-0.350098564171326,-0.341943875202406,-0.333829709389901,-0.325758741056626,-0.317733631310596,-0.309757027077358,-0.301831560137743,-0.293959846171369,-0.286144483806116,-0.278388053673763,-0.270693117472009,-0.263062217033206,-0.255497873399844,-0.248002585907164,-0.240578831273078,-0.233229062695558,-0.225955708957759,-0.218761173541078,-0.211647833746369,-0.2046180398235,-0.197674114109463,-0.190818350175263,-0.184053011981771,-0.177380333044736,-0.170802515609164,-0.164321729833266,-0.157940112982146,-0.151659768631435,-0.145482765881065,-0.13941113857936,-0.133446884557614,-0.127591964875376,-0.12184830307658,-0.116217784456715,-0.110702255341209,-0.105303522375189,-0.100023351824807,-0.0948634688902529,-0.0898255570306644,-0.0849112573010852,-0.0801221677015868,-0.0754598425387684,-0.0709257917997439,-0.0665214805387691,-0.0622483282766847,-0.058107708413279,-0.0541009476527356,-0.0502293254422937,-0.0464940734242538,-0.0428963749014644,-0.0394373643164068,-0.0361181267440158,-0.032939697398352,-0.0299030611532402,-0.0270091520769916,-0.0242588529813232,-0.021652994984583,-0.0191923570893815,-0.0168776657747373,-0.0147095946028327,-0.0126887638404724,-0.0108157400953467,-0.00909103596717422,-0.00751510971382017,-0.00608836493246985,-0.00481115025593316,-0.003683759064159,-0.0027064292110266,-0.00187934276648777,-0.00120262577412269,-0.000676348024168953,-0.000300522842084952,-7.51068926994716e-05,0
g1,-44.8875972960376,-44.9072778981932,-44.9086202506394,-44.891637928241,-44.8563516440609,-44.8027892301642,-44.7309856153874,-44.6409828000849,-44.5328298278714,-44.4065827543743,-44.2623046130172,-44.1000653778535,-43.9199419234692,-43.7220179819832,-43.5063840971614,-43.2731375756771,-43.0223824355402,-42.7542293517233,-42.4687955990163,-42.166204992138,-41.846587823136,-41.5100807961105,-41.1568269592934,-40.7869756345195,-40.4006823441277,-39.9981087353252,-39.5794225020612,-39.1447973044414,-38.6944126857326,-38.2284539869945,-37.7471122593819,-37.2505841741666,-36.7390719305167,-36.2127831610868,-35.6719308354637,-35.1167331615117,-34.5474134846748,-33.9642001852798,-33.3673265738911,-32.7570307847747,-32.1335556675155,-31.4971486768488,-30.8480617607573,-30.1865512468849,-29.5128777273287,-28.8273059418641,-28.1301046596536,-27.4215465595071,-26.7019081087428,-25.9714694407123,-25.2305142310472,-24.4793295726873,-23.7182058497503,-22.9474366103036,-22.1673184380993,-21.3781508233335,-20.5802360324916,-19.7738789773415,-18.9593870831373,-18.1370701560959,-17.3072402502082,-16.4702115334496,-15.6263001534518,-14.7758241026986,-13.9191030833103,-13.0564583714794,-12.1882126816198,-11.3146900302956,-10.4362155999904,-9.55311560278042,-8.66571714397739,-7.77434808580006,-6.87933691114114,-5.98101258748959,-5.07970443107224,-4.17574197127664,-3.26945481541646,-2.36117251390215,-1.45122442587734,-0.539939585381896,0.372353431896971,1.28532664122687,2.19865278072447,3.11200544248434,4.02505920288197,4.93748975199473,5.84897402208161,6.75919031506648,7.66781842896673,8.57453978321373,9.47903754280838,10.3809967412589,11.2801044022464,12.1760496599661,13.0685238780921,13.9572207673147,14.8418365013994,15.7220698317195,16.5976222002116,17.4681978507089,18.3335039386032,19.1932506387922,20.0471512518645,20.8949223084813,21.7362836719102,22.5709586386697,23.398674037244,24.2191603248283,25.032151682066,25.8373861057399,26.6346054993821,27.4235557617658,28.2039868732468,28.9756529799202,29.7383124755608,30.4917280813184,31.2356669231355,31.9699006068623,32.6942052910401,33.4083617573291,34.1121554785536,34.8053766843449,35.4878204243571,36.1592866290362,36.8195801679241,37.4685109054775,38.1058937543871,38.7315487263794,39.3453009804892,39.9469808687885,40.5364239795601,41.1134711779074,41.6779686437893,42.2297679074746,42.7687258824074,43.2947048954821,43.8075727147196,44.3072025743473,44.793473197278,45.2662688149907,45.7254791848132,46.1709996046106,46.602730924883,47.0205795582795,47.4244574865327,47.8142822648245,48.1899770235913,48.5514704677789,48.8986968735602,49.2315960825276,49.5501134933755,49.8542000510877,50.1438122336469,50.4189120362852,50.6794669532925,50.9254499574062,51.1568394768013,51.3736193697045,51.5757788966575,51.7633126904512,51.936220723761,52.0945082745065,52.2381858889668,52.3672693426786,52.481779599149,52.581742766413,52.667190051469,52.7381577126252,52.7946870097912,52.8368241527497,52.864620247445,52.878131240325,52.8774178607743,52.8625455616774,52.8335844581521,52.7906092644915,52.7336992293586,52.6629380692728,52.5784139004322,52.4802191689147,52.3684505793022,52.2432090217713,52.1045994976982,51.9527310438207,51.7877166550059,51.6096732056702,51.4187213698979,51.2149855403084,50.9985937457182,50.7696775676489,50.5283720557293,50.2748156420404,50.0091500544563,49.7315202290275,49.4420742214614,49.1409631177474,48.8283409439802,48.5043645754319,48.169193644925,47.8229904505557,47.465919862825
g2,32.0820559148986,32.0796140336573,32.0673166144762,32.0451972920117,32.0132943089811,31.9716504919587,31.9203132248015,31.8593344197213,31.7887704860175,31.708682296491,31.6191351515566,31.5201987410741,31.4119471039219,31.2944585853319,31.1678157920133,31.0321055450879,30.8874188308643,30.7338507494774,30.5715004614225,30.4004711320135,30.2208698737939,30.0328076869352,29.8363993976535,29.6317635946788,29.4190225638108,29.1983022205983,28.9697320411792,28.7334449913152,28.4895774536659,28.2382691533369,27.9796630817438,27.7139054188345,27.4411454537106,27.1615355036916,26.8752308318662,26.5823895631733,26.2831725990609,25.9777435307669,25.666268551269,25.3489163659519,25.0258581020391,24.6972672168384,24.3633194048513,24.0241925037939,23.6800663995829,23.3311229303355,22.9775457894348,22.6195204277148,22.2572339548144,21.8908750397558,21.5206338107992,21.1467017546273,20.7692716149147,20.3885372903351,20.0046937320615,19.617936840814,19.22846336351,18.836470789572,18.4421572469488,18.0457213979038,17.6473623346287,17.247279474735,16.8456724566818,16.4427410351927,16.0386849767201,15.6337039550104,15.2279974468263,14.8217646278815,14.415204269043,14.0085146328558,13.601893370445,13.1955374188499,12.7896428988436,12.3844050132938,11.9800179461169,11.5766747618795,11.1745673060997,10.773886106302,10.3748202738767,9.97755740679562,9.58228349323628,9.18918281616407,8.79843785892347,8.41022921188711,8.02473548021249,7.6421331927539,7.26259671217796,6.88629814632927,6.51340726089313,6.1440913934003,5.77851536861927,5.41684141537982,5.05922908487151,4.70583517045926,4.356813629058,4.01231550410728,3.67248885018549,3.33747865930303,3.00742678891255,2.68247189167322,2.36274934700573,2.04839119447265,1.7395260690192,1.43627913810693,1.13877204077304,0.847122828646362,0.561445908950031,0.281851989520016,0.00844802586735953,-0.258662829689027,-0.519381276793294,-0.773611913702764,-1.02126328179381,-1.26224790790121,-1.49648234446997,-1.72388720749962,-1.94438721226237,-2.15791120677762,-2.36439220302639,-2.5637674058909,-2.7559782398051,-2.94097037310388,-3.1186937400594,-3.28910256059437,-3.45215535766373,-3.60781497229669,-3.7560485762932,-3.89682768256943,-4.03012815314858,-4.15593020479459,-4.27421841228716,-4.38498170933836,-4.48821338715185,-4.58391109062737,-4.67207681221415,-4.75271688341844,-4.82584196397115,-4.89146702866357,-4.94961135185953,-5.00029848969434,-5.04355625997162,-5.07941671977067,-5.10791614077781,-5.12909498235707,-5.14299786237605,-5.14967352580433,-5.14917481110315,-5.14155861442587,-5.12688585165024,-5.10522141826439,-5.07663414712989,-5.04119676414592,-4.9989858418403,-4.95008175091368,-4.89456860976452,-4.83253423202365,-4.76407007212813,-4.68927116896504,-4.60823608761726,-4.52106685924382,-4.42786891912872,-4.32875104293303,-4.22382528118588,-4.11320689205104,-3.99701427240661,-3.87536888727642,-3.7483951976521,-3.61622058674644,-3.47897528471859,-3.33679229191321,-3.18980730065592,-3.03815861564849,-2.88198707300777,-2.72143595799317,-2.55665092146799,-2.38777989514101,-2.21497300563473,-2.03838248742771,-1.85816259471929,-1.67446951226446,-1.48746126522871,-1.29729762811176,-1.10414003279047,-0.908151475731337,-0.709496424423424,-0.50834072308287,-0.304851497681035,-0.0991970603476897,0.108453186798183,0.317928848337159,0.529058632705413,0.741670449764601,0.955591508732431,1.17064841642057,1.38666727572626,1.60347378432392,1.82089333350333,2.03875110709991,2.25687218046408,2.47508161941525,2.69320457912708
g3,2.83065617927989,2.85856031071032,2.88579711806635,2.91234825630983,2.9381955801464,2.96332115208582,2.98770725043265,3.01133637720295,3.03419126596529,3.05625488960175,3.07751046798644,3.09794147557815,3.117531648924,3.13626499407173,3.15412579388661,3.1710986152708,3.18716831628187,3.20232005314803,3.21653928717629,3.229811791552,3.24212365802597,3.25346130348702,3.26381147641704,3.27316126322596,3.28149809446419,3.2888097509097,3.29508436952729,3.30031044929838,3.30447685691718,3.30757283235285,3.30958799427391,3.31051234533353,3.31033627731285,3.30905057612069,3.30664642664729,3.30311541747003,3.29844954540931,3.29264121993256,3.28568326740447,3.27756893518174,3.26829189555046,3.25784624950457,3.24622653036374,3.23342770722891,3.21944518827421,3.20427482387386,3.18791290956217,3.17035618882607,3.15160185572824,3.13164755736001,3.11049139612281,3.08813193183701,3.06456818367735,3.03979963193377,3.01382621959697,2.98664835376784,2.95826690688995,2.9286832178045,2.89789909262714,2.86591680544608,2.83273909884105,2.79836918422263,2.76281074199179,2.72606792151924,2.6881453409444,2.64904808679389,2.60878171341957,2.56735224225596,2.52476616089732,2.48103042199433,2.43615244197079,2.39014009956053,2.34300173416487,2.29474614403103,2.24538258425216,2.19492076458931,2.14337084711613,2.09074344368693,2.03704961322896,1.9823008588595,1.92650912482905,1.86968679329117,1.81184668090032,1.75300203523862,1.69316653107277,1.63235426644231,1.57057975858061,1.50785793966983,1.44420415243133,1.37963414555304,1.31416406895532,1.24781046889686,1.18059028292241,1.11252083465402,1.04361982842748,0.973905343776041,0.903395829763124,0.832110099166082,0.76006732251307,0.687287021975002,0.613789065114888,0.539593658496594,0.464721341155429,0.389192977932723,0.313029752676875,0.236253161313212,0.158885004785145,0.0809473818691361,0.00246268186604425,-0.0765464228285559,-0.156056984272404,-0.236045786640237,-0.316489354000377,-0.397363958201416,-0.478645626866183,-0.560310151490074,-0.642333095640866,-0.724689803257031,-0.807355407041523,-0.890304836948071,-0.973512828756808,-1.0569539327362,-1.14060252238811,-1.22443280327275,-1.30841882191047,-1.3925344747569,-1.47675351724842,-1.56104957291454,-1.64539614255374,-1.72976661346975,-1.81413426876447,-1.89847229668447,-1.98275380001752,-2.06695180553559,-2.15103927348105,-2.23498910709249,-2.31877416216661,-2.40236725665279,-2.48574118027665,-2.5688687041892,-2.65172259063797,-2.73427560265648,-2.81650051376856,-2.89837011770398,-2.97985723812163,-3.06093473833681,-3.14157553104895,-3.22175258806625,-3.30143895002342,-3.38060773608924,-3.45923215366001,-3.53728550803558,-3.6147412120741,-3.6915727958221,-3.76775391611627,-3.84325836615329,-3.91806008502423,-3.99213316720988,-4.06545187203368,-4.13799063306836,-4.20972406749318,-4.28062698539794,-4.35067439903054,-4.41984153198441,-4.48810382832259,-4.55543696163484,-4.62181684402451,-4.68721963502182,-4.75162175042006,-4.81499987103154,-4.87733095136001,-4.93859222818607,-4.99876122906264,-5.05781578071714,-5.11573401735702,-5.1724943888761,-5.22807566895787,-5.28245696307316,-5.33561771636923,-5.38753772144681,-5.4381971260228,-5.4875764404751,-5.53565654526705,-5.58241869824882,-5.62784454183247,-5.67191611003836,-5.71461583541024,-5.75592655579599,-5.79583152099196,-5.83431439924791,-5.87135928363032,-5.90695069824166,-5.94107360429292,-5.97371340602761,-6.00485595649432,-6.03448756316619,-6.0625949934047,-6.08916547976596,-6.11418672514723,-6.13764690777186,-6.15953468601058
