t,0,0.01,0.02,0.03,0.04,0.05,0.06,0.07,0.08,0.09,0.1,0.11,0.12,0.13,0.14,0.15,0.16,0.17,0.18,0.19,0.2,0.21,0.22,0.23,0.24,0.25,0.26,0.27,0.28,0.29,0.3,0.31,0.32,0.33,0.34,0.35,0.36,0.37,0.38,0.39,0.4,0.41,0.42,0.43,0.44,0.45,0.46,0.47,0.48,0.49,0.5,0.51,0.52,0.53,0.54,0.55,0.56,0.57,0.58,0.59,0.6,0.61,0.62,0.63,0.64,0.65,0.66,0.67,0.68,0.69,0.7,0.71,0.72,0.73,0.74,0.75,0.76,0.77,0.78,0.79,0.8,0.81,0.82,0.83,0.84,0.85,0.86,0.87,0.88,0.89,0.9,0.91,0.92,0.93,0.94,0.95,0.96,0.97,0.98,0.99,1,1.01,1.02,1.03,1.04,1.05,1.06,1.07,1.08,1.09,1.1,1.11,1.12,1.13,1.14,1.15,1.16,1.17,1.18,1.19,1.2,1.21,1.22,1.23,1.24,1.25,1.26,1.27,1.28,1.29,1.3,1.31,1.32,1.33,1.34,1.35,1.36,1.37,1.38,1.39,1.4,1.41,1.42,1.43,1.44,1.45,1.46,1.47,1.48,1.49,1.5,1.51,1.52,1.53,1.54,1.55,1.56,1.57,1.58,1.59,1.6,1.61,1.62,1.63,1.64,1.65,1.66,1.67,1.68,1.69,1.7,1.71,1.72,1.73,1.74,1.75,1.76,1.77,1.78,1.79,1.8,1.81,1.82,1.83,1.84,1.85,1.86,1.87,1.88,1.89,1.9,1.91,1.92,1.93,1.94,1.95,1.96,1.97,1.98,1.99,2
dp1,0.998245421225627,0.990244604753393,0.982243788281159,0.974242971808924,0.96624215533669,0.958241338864456,0.950240522392222,0.942239705919988,0.934238889447754,0.92623807297552,0.918237256503285,0.910236440031051,0.902235623558816,0.894234807086582,0.886233990614348,0.878233174142114,0.87023235766988,0.862231541197646,0.854230724725412,0.846229908253177,0.838229091780943,0.830228275308709,0.822227458836474,0.81422664236424,0.806225825892006,0.798225009419771,0.790224192947537,0.782223376475303,0.774222560003069,0.766221743530835,0.758220927058601,0.750220110586367,0.742219294114132,0.734218477641898,0.726217661169664,0.71821684469743,0.710216028225196,0.702215211752962,0.694214395280727,0.686213578808493,0.678212762336258,0.670211945864024,0.66221112939179,0.654210312919556,0.646209496447322,0.638208679975087,0.630207863502853,0.622207047030619,0.614206230558385,0.606205414086151,0.598204597613917,0.590203781141683,0.582202964669448,0.574202148197214,0.56620133172498,0.558200515252745,0.550199698780511,0.542198882308277,0.534198065836043,0.526197249363808,0.518196432891574,0.51019561641934,0.502194799947106,0.494193983474872,0.486193167002638,0.478192350530404,0.470191534058169,0.462190717585935,0.4541899011137,0.446189084641466,0.438188268169232,0.430187451696998,0.422186635224764,0.414185818752529,0.406185002280295,0.398184185808061,0.390183369335827,0.382182552863593,0.374181736391359,0.366180919919125,0.35818010344689,0.350179286974656,0.342178470502422,0.334177654030188,0.326176837557953,0.318176021085719,0.310175204613485,0.30217438814125,0.294173571669016,0.286172755196782,0.278171938724548,0.270171122252314,0.26217030578008,0.254169489307845,0.246168672835611,0.238167856363377,0.230167039891143,0.222166223418909,0.214165406946675,0.20616459047444,0.198163774002206,0.190162957529972,0.182162141057737,0.174161324585503,0.166160508113269,0.158159691641035,0.150158875168801,0.142158058696566,0.134157242224332,0.126156425752098,0.118155609279864,0.11015479280763,0.102153976335395,0.0941531598631613,0.086152343390927,0.0781515269186928,0.0701507104464586,0.0621498939742244,0.0541490775019901,0.046148261029756,0.0381474445575218,0.0301466280852876,0.0221458116130535,0.0141449951408193,0.00614417866858505,-0.00185663780364917,-0.00985745427588338,-0.0178582707481176,-0.0258590872203519,-0.0338599036925861,-0.0418607201648204,-0.0498615366370547,-0.0578623531092889,-0.0658631695815232,-0.0738639860537575,-0.0818648025259917,-0.0898656189982258,-0.09786643547046,-0.105867251942694,-0.113868068414928,-0.121868884887162,-0.129869701359396,-0.137870517831631,-0.145871334303865,-0.153872150776099,-0.161872967248333,-0.169873783720568,-0.177874600192802,-0.185875416665036,-0.193876233137271,-0.201877049609505,-0.209877866081739,-0.217878682553973,-0.225879499026207,-0.233880315498441,-0.241881131970676,-0.24988194844291,-0.257882764915144,-0.265883581387378,-0.273884397859612,-0.281885214331846,-0.289886030804081,-0.297886847276315,-0.305887663748549,-0.313888480220784,-0.321889296693018,-0.329890113165252,-0.337890929637486,-0.34589174610972,-0.353892562581954,-0.361893379054189,-0.369894195526423,-0.377895011998657,-0.385895828470892,-0.393896644943126,-0.40189746141536,-0.409898277887595,-0.417899094359829,-0.425899910832063,-0.433900727304297,-0.441901543776531,-0.449902360248765,-0.457903176720999,-0.465903993193234,-0.473904809665468,-0.481905626137702,-0.489906442609936,-0.49790725908217,-0.505908075554404,-0.513908892026639,-0.521909708498873,-0.529910524971107,-0.537911341443342,-0.545912157915576,-0.55391297438781,-0.561913790860044,-0.569914607332278,-0.577915423804513,-0.585916240276747,-0.593917056748981,-0.601917873221215
dp2,-0.356224575654647,-0.358634072928517,-0.361043570202388,-0.363453067476258,-0.365862564750128,-0.368272062023999,-0.370681559297869,-0.37309105657174,-0.37550055384561,-0.377910051119481,-0.380319548393351,-0.382729045667221,-0.385138542941092,-0.387548040214962,-0.389957537488832,-0.392367034762702,-0.394776532036573,-0.397186029310443,-0.399595526584313,-0.402005023858184,-0.404414521132054,-0.406824018405924,-0.409233515679795,-0.411643012953665,-0.414052510227536,-0.416462007501406,-0.418871504775277,-0.421281002049147,-0.423690499323017,-0.426099996596888,-0.428509493870758,-0.430918991144628,-0.433328488418498,-0.435737985692369,-0.438147482966239,-0.440556980240109,-0.44296647751398,-0.44537597478785,-0.44778547206172,-0.450194969335591,-0.452604466609462,-0.455013963883332,-0.457423461157202,-0.459832958431073,-0.462242455704943,-0.464651952978813,-0.467061450252684,-0.469470947526554,-0.471880444800424,-0.474289942074294,-0.476699439348165,-0.479108936622035,-0.481518433895905,-0.483927931169776,-0.486337428443646,-0.488746925717517,-0.491156422991387,-0.493565920265258,-0.495975417539128,-0.498384914812998,-0.500794412086869,-0.503203909360739,-0.505613406634609,-0.50802290390848,-0.51043240118235,-0.51284189845622,-0.51525139573009,-0.517660893003961,-0.520070390277831,-0.522479887551701,-0.524889384825572,-0.527298882099442,-0.529708379373312,-0.532117876647183,-0.534527373921053,-0.536936871194924,-0.539346368468794,-0.541755865742665,-0.544165363016535,-0.546574860290405,-0.548984357564276,-0.551393854838146,-0.553803352112016,-0.556212849385886,-0.558622346659757,-0.561031843933627,-0.563441341207497,-0.565850838481368,-0.568260335755238,-0.570669833029108,-0.573079330302979,-0.575488827576849,-0.57789832485072,-0.58030782212459,-0.582717319398461,-0.585126816672331,-0.587536313946201,-0.589945811220072,-0.592355308493942,-0.594764805767812,-0.597174303041683,-0.599583800315553,-0.601993297589423,-0.604402794863293,-0.606812292137164,-0.609221789411034,-0.611631286684904,-0.614040783958775,-0.616450281232645,-0.618859778506516,-0.621269275780386,-0.623678773054257,-0.626088270328127,-0.628497767601997,-0.630907264875868,-0.633316762149738,-0.635726259423608,-0.638135756697479,-0.640545253971349,-0.642954751245219,-0.645364248519089,-0.64777374579296,-0.65018324306683,-0.6525927403407,-0.655002237614571,-0.657411734888442,-0.659821232162312,-0.662230729436183,-0.664640226710053,-0.667049723983923,-0.669459221257793,-0.671868718531664,-0.674278215805534,-0.676687713079404,-0.679097210353275,-0.681506707627145,-0.683916204901015,-0.686325702174885,-0.688735199448756,-0.691144696722626,-0.693554193996496,-0.695963691270367,-0.698373188544237,-0.700782685818107,-0.703192183091978,-0.705601680365848,-0.708011177639719,-0.710420674913589,-0.71283017218746,-0.71523966946133,-0.7176491667352,-0.720058664009071,-0.722468161282941,-0.724877658556811,-0.727287155830681,-0.729696653104552,-0.732106150378422,-0.734515647652292,-0.736925144926163,-0.739334642200033,-0.741744139473903,-0.744153636747774,-0.746563134021645,-0.748972631295515,-0.751382128569385,-0.753791625843256,-0.756201123117126,-0.758610620390996,-0.761020117664867,-0.763429614938737,-0.765839112212607,-0.768248609486477,-0.770658106760348,-0.773067604034218,-0.775477101308088,-0.777886598581959,-0.780296095855829,-0.7827055931297,-0.78511509040357,-0.787524587677441,-0.789934084951311,-0.792343582225181,-0.794753079499052,-0.797162576772922,-0.799572074046792,-0.801981571320663,-0.804391068594533,-0.806800565868403,-0.809210063142273,-0.811619560416144,-0.814029057690014,-0.816438554963884,-0.818848052237755,-0.821257549511625,-0.823667046785496,-0.826076544059366,-0.828486041333237,-0.830895538607107,-0.833305035880977,-0.835714533154848,-0.838124030428718
dp3,2.71653109036048,2.70305493539785,2.68957878043522,2.67610262547259,2.66262647050996,2.64915031554733,2.6356741605847,2.62219800562207,2.60872185065944,2.59524569569681,2.58176954073417,2.56829338577154,2.55481723080891,2.54134107584628,2.52786492088365,2.51438876592102,2.50091261095839,2.48743645599576,2.47396030103313,2.4604841460705,2.44700799110787,2.43353183614524,2.42005568118261,2.40657952621997,2.39310337125734,2.37962721629471,2.36615106133208,2.35267490636945,2.33919875140682,2.32572259644419,2.31224644148156,2.29877028651893,2.2852941315563,2.27181797659367,2.25834182163104,2.24486566666841,2.23138951170577,2.21791335674314,2.20443720178051,2.19096104681788,2.17748489185525,2.16400873689262,2.15053258192998,2.13705642696735,2.12358027200472,2.11010411704209,2.09662796207946,2.08315180711683,2.0696756521542,2.05619949719157,2.04272334222894,2.02924718726631,2.01577103230368,2.00229487734105,1.98881872237842,1.97534256741578,1.96186641245315,1.94839025749052,1.93491410252789,1.92143794756526,1.90796179260263,1.89448563764,1.88100948267737,1.86753332771474,1.85405717275211,1.84058101778948,1.82710486282685,1.81362870786422,1.80015255290158,1.78667639793895,1.77320024297632,1.75972408801369,1.74624793305106,1.73277177808843,1.7192956231258,1.70581946816317,1.69234331320054,1.67886715823791,1.66539100327528,1.65191484831265,1.63843869335002,1.62496253838738,1.61148638342475,1.59801022846212,1.58453407349949,1.57105791853686,1.55758176357423,1.5441056086116,1.53062945364896,1.51715329868633,1.5036771437237,1.49020098876107,1.47672483379844,1.46324867883581,1.44977252387318,1.43629636891055,1.42282021394792,1.40934405898529,1.39586790402266,1.38239174906003,1.3689155940974,1.35543943913476,1.34196328417213,1.3284871292095,1.31501097424687,1.30153481928424,1.28805866432162,1.27458250935898,1.26110635439635,1.24763019943372,1.23415404447109,1.22067788950846,1.20720173454583,1.19372557958319,1.18024942462056,1.16677326965793,1.1532971146953,1.13982095973267,1.12634480477004,1.11286864980741,1.09939249484478,1.08591633988215,1.07244018491952,1.05896402995689,1.04548787499426,1.03201172003163,1.01853556506899,1.00505941010636,0.991583255143732,0.978107100181101,0.96463094521847,0.951154790255839,0.937678635293208,0.924202480330577,0.910726325367947,0.897250170405316,0.883774015442685,0.870297860480054,0.856821705517424,0.843345550554793,0.829869395592162,0.816393240629531,0.8029170856669,0.78944093070427,0.775964775741638,0.762488620779007,0.749012465816376,0.735536310853745,0.722060155891114,0.708584000928484,0.695107845965853,0.681631691003222,0.668155536040591,0.65467938107796,0.641203226115329,0.627727071152699,0.614250916190068,0.600774761227437,0.587298606264806,0.573822451302175,0.560346296339544,0.546870141376914,0.533393986414283,0.519917831451652,0.506441676489021,0.49296552152639,0.479489366563759,0.466013211601128,0.452537056638497,0.439060901675866,0.425584746713235,0.412108591750605,0.398632436787974,0.385156281825343,0.371680126862712,0.358203971900081,0.344727816937451,0.33125166197482,0.317775507012189,0.304299352049558,0.290823197086927,0.277347042124296,0.263870887161665,0.250394732199034,0.236918577236403,0.223442422273772,0.209966267311141,0.196490112348511,0.18301395738588,0.169537802423249,0.156061647460618,0.142585492497987,0.129109337535356,0.115633182572726,0.102157027610095,0.0886808726474638,0.0752047176848329,0.0617285627222021,0.0482524077595712,0.0347762527969403,0.0213000978343094
dv1,0,-0.00800081647223411,-0.0160016329444684,-0.0240024494167025,-0.0320032658889366,-0.0400040823611708,-0.0480048988334046,-0.0560057153056388,-0.0640065317778737,-0.0720073482501095,-0.0800081647223438,-0.0880089811945782,-0.0960097976668126,-0.104010614139045,-0.112011430611278,-0.120012247083512,-0.128013063555746,-0.136013880027979,-0.144014696500215,-0.15201551297245,-0.160016329444685,-0.168017145916921,-0.176017962389154,-0.18401877886139,-0.192019595333625,-0.200020411805857,-0.208021228278088,-0.216022044750322,-0.224022861222555,-0.232023677694789,-0.240024494167025,-0.248025310639259,-0.256026127111493,-0.264026943583727,-0.27202776005596,-0.280028576528194,-0.28802939300043,-0.29603020947267,-0.304031025944909,-0.312031842417141,-0.320032658889373,-0.328033475361605,-0.336034291833835,-0.344035108306067,-0.352035924778303,-0.360036741250535,-0.368037557722771,-0.376038374195006,-0.384039190667237,-0.392040007139474,-0.400040823611708,-0.408041640083942,-0.416042456556176,-0.424043273028416,-0.432044089500657,-0.440044905972891,-0.448045722445126,-0.45604653891735,-0.464047355389581,-0.472048171861816,-0.480048988334046,-0.488049804806284,-0.496050621278518,-0.504051437750752,-0.512052254222986,-0.520053070695224,-0.528053887167469,-0.536054703639706,-0.544055520111934,-0.552056336584167,-0.560057153056395,-0.568057969528622,-0.576058786000856,-0.584059602473092,-0.592060418945328,-0.600061235417564,-0.608062051889796,-0.616062868362031,-0.624063684834263,-0.632064501306499,-0.640065317778735,-0.648066134250965,-0.656066950723208,-0.664067767195456,-0.672068583667691,-0.68006940013992,-0.688070216612145,-0.69607103308437,-0.704071849556604,-0.71207266602884,-0.720073482501075,-0.728074298973309,-0.73607511544554,-0.744075931917768,-0.752076748390007,-0.760077564862247,-0.768078381334478,-0.776079197806715,-0.784080014278961,-0.792080830751204,-0.800081647223437,-0.792080830751204,-0.78408001427896,-0.776079197806712,-0.768078381334477,-0.760077564862245,-0.752076748390011,-0.744075931917777,-0.736075115445544,-0.728074298973311,-0.720073482501079,-0.712072666028849,-0.704071849556608,-0.696071033084374,-0.688070216612146,-0.680069400139909,-0.672068583667674,-0.66406776719544,-0.656066950723204,-0.648066134250968,-0.640065317778734,-0.632064501306499,-0.624063684834266,-0.616062868362034,-0.6080620518898,-0.600061235417566,-0.592060418945333,-0.5840596024731,-0.576058786000867,-0.568057969528633,-0.560057153056398,-0.552056336584164,-0.54405552011193,-0.536054703639696,-0.52805388716746,-0.520053070695222,-0.512052254222985,-0.504051437750745,-0.496050621278512,-0.488049804806283,-0.480048988334048,-0.472048171861814,-0.464047355389581,-0.456046538917354,-0.448045722445126,-0.440044905972892,-0.432044089500657,-0.424043273028417,-0.416042456556178,-0.408041640083944,-0.40004082361171,-0.392040007139473,-0.384039190667238,-0.376038374195006,-0.368037557722771,-0.360036741250536,-0.352035924778302,-0.344035108306068,-0.336034291833834,-0.328033475361604,-0.320032658889374,-0.31203184241714,-0.304031025944903,-0.296030209472666,-0.288029393000431,-0.280028576528196,-0.272027760055962,-0.264026943583727,-0.256026127111493,-0.248025310639261,-0.240024494167026,-0.232023677694793,-0.224022861222562,-0.216022044750328,-0.208021228278094,-0.200020411805858,-0.192019595333621,-0.184018778861386,-0.176017962389152,-0.168017145916917,-0.160016329444683,-0.152015512972449,-0.144014696500215,-0.13601388002798,-0.128013063555746,-0.120012247083512,-0.112011430611278,-0.104010614139044,-0.096009797666811,-0.0880089811945783,-0.0800081647223445,-0.07200734825011,-0.0640065317778742,-0.0560057153056392,-0.048004898833405,-0.0400040823611706,-0.0320032658889365,-0.0240024494167027,-0.0160016329444683,-0.00800081647223411,0
dv2,0,-0.00240949727387033,-0.00481899454774054,-0.00722849182161081,-0.00963798909548164,-0.0120474863693527,-0.0144569836432235,-0.0168664809170938,-0.0192759781909635,-0.0216854754648329,-0.024094972738703,-0.026504470012573,-0.0289139672864432,-0.0313234645603135,-0.0337329618341842,-0.0361424591080545,-0.0385519563819252,-0.0409614536557951,-0.0433709509296649,-0.0457804482035357,-0.0481899454774071,-0.0505994427512803,-0.0530089400251527,-0.0554184372990226,-0.0578279345728911,-0.0602374318467588,-0.0626469291206277,-0.065056426394498,-0.0674659236683676,-0.0698754209422386,-0.0722849182161098,-0.0746944154899784,-0.0771039127638486,-0.0795134100377207,-0.0819229073115911,-0.0843324045854595,-0.0867419018593317,-0.0891513991332062,-0.0915608964070808,-0.0939703936809524,-0.0963798909548208,-0.0987893882286868,-0.101198885502551,-0.103608382776423,-0.106017880050292,-0.108427377324161,-0.110836874598034,-0.113246371871904,-0.115655869145776,-0.118065366419646,-0.120474863693515,-0.122884360967384,-0.125293858241254,-0.127703355515132,-0.13011285278901,-0.132522350062882,-0.134931847336751,-0.137341344610613,-0.139750841884477,-0.142160339158348,-0.144569836432218,-0.146979333706088,-0.149388830979958,-0.151798328253829,-0.154207825527699,-0.156617322801569,-0.15902682007544,-0.16143631734931,-0.16384581462318,-0.166255311897047,-0.168664809170921,-0.171074306444795,-0.173483803718661,-0.175893300992536,-0.178302798266414,-0.180712295540289,-0.18312179281416,-0.185531290088026,-0.187940787361888,-0.190350284635758,-0.192759781909624,-0.19516927918349,-0.197578776457364,-0.199988273731239,-0.202397771005105,-0.204807268278975,-0.207216765552846,-0.209626262826711,-0.212035760100586,-0.214445257374461,-0.216854754648337,-0.219264251922217,-0.221673749196093,-0.224083246469958,-0.226492743743818,-0.228902241017678,-0.231311738291549,-0.233721235565419,-0.236130732839289,-0.23854023011316,-0.24094972738703,-0.23854023011316,-0.236130732839284,-0.233721235565419,-0.231311738291549,-0.228902241017678,-0.226492743743824,-0.224083246469958,-0.221673749196088,-0.219264251922217,-0.216854754648342,-0.214445257374456,-0.212035760100586,-0.209626262826716,-0.207216765552846,-0.204807268278975,-0.202397771005105,-0.199988273731235,-0.197578776457364,-0.195169279183494,-0.192759781909619,-0.190350284635754,-0.187940787361888,-0.185531290088026,-0.183121792814164,-0.180712295540293,-0.178302798266418,-0.175893300992536,-0.173483803718657,-0.171074306444795,-0.168664809170925,-0.166255311897051,-0.163845814623176,-0.161436317349306,-0.15902682007544,-0.156617322801573,-0.154207825527699,-0.151798328253825,-0.149388830979959,-0.146979333706085,-0.144569836432218,-0.142160339158348,-0.139750841884474,-0.137341344610617,-0.134931847336752,-0.132522350062882,-0.130112852789008,-0.127703355515132,-0.125293858241255,-0.122884360967385,-0.120474863693518,-0.118065366419645,-0.115655869145772,-0.113246371871901,-0.110836874598034,-0.108427377324163,-0.106017880050293,-0.103608382776423,-0.101198885502553,-0.0987893882286868,-0.096379890954823,-0.0939703936809524,-0.0915608964070776,-0.0891513991332052,-0.0867419018593328,-0.0843324045854605,-0.0819229073115883,-0.0795134100377198,-0.0771039127638513,-0.0746944154899793,-0.072284918216109,-0.0698754209422387,-0.0674659236683699,-0.065056426394498,-0.0626469291206277,-0.0602374318467588,-0.0578279345728898,-0.0554184372990232,-0.0530089400251514,-0.0505994427512797,-0.0481899454774082,-0.0457804482035356,-0.0433709509296654,-0.0409614536557951,-0.0385519563819239,-0.0361424591080536,-0.0337329618341842,-0.0313234645603138,-0.0289139672864443,-0.0265044700125733,-0.024094972738703,-0.0216854754648327,-0.0192759781909633,-0.0168664809170944,-0.0144569836432231,-0.0120474863693526,-0.00963798909548164,-0.0072284918216109,-0.0048189945477406,-0.00240949727387024,0
dv3,0,-0.0134761549626292,-0.0269523099252584,-0.040428464887887,-0.0539046198505213,-0.0673807748131572,-0.0808569297757886,-0.0943330847384201,-0.107809239701051,-0.121285394663685,-0.134761549626317,-0.148237704588946,-0.16171385955158,-0.175190014514209,-0.18866616947684,-0.202142324439475,-0.215618479402089,-0.2290946343647,-0.242570789327326,-0.256046944289955,-0.269523099252593,-0.282999254215251,-0.296475409177896,-0.309951564140528,-0.32342771910316,-0.336903874065786,-0.350380029028417,-0.363856183991049,-0.377332338953674,-0.390808493916267,-0.40428464887887,-0.417760803841506,-0.431236958804149,-0.444713113766815,-0.458189268729469,-0.4716654236921,-0.485141578654732,-0.498617733617371,-0.512093888580003,-0.525570043542626,-0.539046198505266,-0.552522353467898,-0.56599850843052,-0.579474663393152,-0.592950818355783,-0.606426973318365,-0.619903128280934,-0.633379283243563,-0.646855438206192,-0.660331593168886,-0.673807748131583,-0.687283903094215,-0.700760058056846,-0.714236213019472,-0.72771236798211,-0.741188522944735,-0.754664677907361,-0.768140832869935,-0.781616987832495,-0.795093142795117,-0.808569297757746,-0.82204545272043,-0.835521607683142,-0.848997762645788,-0.862473917608419,-0.875950072571058,-0.889426227533682,-0.902902382496314,-0.916378537458938,-0.929854692421569,-0.943330847384216,-0.95680700234684,-0.970283157309463,-0.983759312272054,-0.997235467234595,-1.01071162219718,-1.02418777715982,-1.03766393212248,-1.0511400870852,-1.0646162420479,-1.07809239701054,-1.09156855197316,-1.10504470693578,-1.11852086189842,-1.13199701686105,-1.14547317182368,-1.15894932678631,-1.17242548174894,-1.18590163671158,-1.19937779167418,-1.21285394663671,-1.22633010159926,-1.23980625656188,-1.25328241152451,-1.26675856648726,-1.28023472145,-1.29371087641263,-1.30718703137527,-1.32066318633789,-1.33413934130051,-1.34761549626315,-1.33413934130052,-1.32066318633777,-1.30718703137503,-1.29371087641239,-1.28023472144976,-1.26675856648724,-1.25328241152472,-1.23980625656211,-1.22633010159948,-1.21285394663685,-1.19937779167422,-1.18590163671157,-1.17242548174893,-1.1589493267863,-1.14547317182368,-1.13199701686105,-1.11852086189842,-1.10504470693572,-1.09156855197299,-1.07809239701033,-1.06461624204769,-1.05114008708512,-1.03766393212259,-1.02418777716,-1.01071162219737,-0.997235467234726,-0.983759312272079,-0.970283157309439,-0.956807002346808,-0.943330847384177,-0.929854692421531,-0.916378537458896,-0.902902382496269,-0.889426227533631,-0.875950072571,-0.862473917608376,-0.848997762645731,-0.835521607683101,-0.822045452720477,-0.808569297757846,-0.795093142795219,-0.781616987832588,-0.768140832869967,-0.754664677907339,-0.741188522944708,-0.727712367982077,-0.71423621301944,-0.700760058056806,-0.687283903094178,-0.673807748131547,-0.660331593168913,-0.64685543820628,-0.633379283243646,-0.619903128281015,-0.606426973318385,-0.592950818355754,-0.579474663393125,-0.565998508430495,-0.552522353467864,-0.539046198505233,-0.5255700435426,-0.512093888579965,-0.498617733617339,-0.485141578654717,-0.471665423692088,-0.458189268729457,-0.444713113766823,-0.431236958804189,-0.417760803841558,-0.404284648878927,-0.390808493916294,-0.377332338953664,-0.363856183991032,-0.350380029028401,-0.33690387406577,-0.323427719103139,-0.309951564140509,-0.296475409177878,-0.282999254215248,-0.26952309925262,-0.25604694428999,-0.242570789327359,-0.229094634364727,-0.215618479402094,-0.202142324439462,-0.188666169476831,-0.175190014514198,-0.161713859551569,-0.14823770458894,-0.134761549626309,-0.121285394663678,-0.107809239701047,-0.0943330847384163,-0.0808569297757854,-0.0673807748131545,-0.0539046198505236,-0.0404284648878927,-0.0269523099252618,-0.0134761549626309,0
da1,-0.800081647223422,-0.800081647223422,-0.800081647223419,-0.800081647223411,-0.800081647223416,-0.8000816472234,-0.800081647223397,-0.800081647223455,-0.800081647223535,-0.800081647223505,-0.800081647223438,-0.800081647223438,-0.80008164722333,-0.800081647223245,-0.80008164722338,-0.80008164722341,-0.800081647223322,-0.800081647223461,-0.800081647223563,-0.800081647223527,-0.800081647223538,-0.800081647223427,-0.800081647223433,-0.800081647223561,-0.800081647223364,-0.80008164722315,-0.800081647223279,-0.80008164722334,-0.800081647223333,-0.800081647223493,-0.800081647223498,-0.800081647223416,-0.800081647223416,-0.800081647223322,-0.800081647223319,-0.800081647223511,-0.800081647223821,-0.800081647223944,-0.800081647223541,-0.800081647223222,-0.800081647223211,-0.800081647223083,-0.800081647223069,-0.800081647223416,-0.800081647223411,-0.800081647223416,-0.800081647223541,-0.800081647223283,-0.800081647223416,-0.800081647223549,-0.800081647223416,-0.800081647223416,-0.80008164722371,-0.800081647224019,-0.800081647223735,-0.800081647223438,-0.800081647222958,-0.800081647222789,-0.800081647223261,-0.800081647223252,-0.800081647223416,-0.800081647223583,-0.800081647223416,-0.800081647223416,-0.800081647223599,-0.800081647224149,-0.800081647224071,-0.80008164722325,-0.800081647223055,-0.800081647223044,-0.800081647222739,-0.800081647223022,-0.800081647223516,-0.800081647223616,-0.800081647223622,-0.800081647223416,-0.800081647223311,-0.800081647223311,-0.800081647223416,-0.800081647223633,-0.800081647223305,-0.800081647223644,-0.80008164722456,-0.800081647224127,-0.800081647223211,-0.800081647222722,-0.800081647222467,-0.800081647222939,-0.800081647223538,-0.800081647223538,-0.800081647223416,-0.800081647223289,-0.800081647222967,-0.800081647223344,-0.800081647223927,-0.800081647223544,-0.800081647223416,-0.800081647224166,-0.800081647224454,-0.800081647223777,0,0.800081647223844,0.800081647224588,0.80008164722416,0.800081647223344,0.800081647223283,0.800081647223416,0.800081647223355,0.800081647223294,0.800081647223233,0.800081647223111,0.800081647223572,0.800081647223749,0.800081647223116,0.800081647223244,0.800081647223594,0.800081647223477,0.800081647223472,0.800081647223566,0.800081647223544,0.80008164722345,0.800081647223372,0.800081647223272,0.800081647223283,0.800081647223383,0.800081647223383,0.8000816472233,0.8000816472233,0.800081647223383,0.800081647223433,0.800081647223422,0.800081647223416,0.800081647223416,0.800081647223483,0.800081647223672,0.800081647223738,0.80008164722386,0.800081647223685,0.800081647223122,0.800081647223197,0.800081647223413,0.800081647223314,0.800081647223039,0.800081647222758,0.800081647223086,0.800081647223475,0.800081647223735,0.800081647223946,0.800081647223674,0.800081647223419,0.800081647223524,0.800081647223552,0.80008164722338,0.800081647223383,0.80008164722348,0.800081647223447,0.800081647223386,0.800081647223413,0.800081647223216,0.800081647222969,0.800081647223208,0.800081647223544,0.800081647223683,0.800081647223622,0.800081647223522,0.800081647223466,0.800081647223461,0.800081647223416,0.800081647223286,0.800081647223376,0.800081647223383,0.800081647223186,0.800081647223237,0.800081647223401,0.800081647223544,0.800081647223672,0.800081647223591,0.800081647223451,0.800081647223416,0.800081647223444,0.800081647223444,0.80008164722339,0.800081647223413,0.800081647223461,0.800081647223435,0.800081647223393,0.800081647223393,0.800081647223339,0.800081647223268,0.800081647223328,0.800081647223414,0.800081647223511,0.800081647223542,0.800081647223461,0.800081647223431,0.800081647223428,0.800081647223395,0.800081647223406,0.800081647223428,0.800081647223417,0.800081647223422
da2,-0.240949727387027,-0.240949727387027,-0.240949727387024,-0.240949727387055,-0.240949727387096,-0.240949727387091,-0.240949727387055,-0.240949727387002,-0.240949727386955,-0.240949727386974,-0.240949727387002,-0.240949727387013,-0.240949727387027,-0.240949727387046,-0.240949727387048,-0.240949727387052,-0.24094972738703,-0.240949727386983,-0.24094972738703,-0.24094972738711,-0.240949727387234,-0.24094972738728,-0.240949727387113,-0.240949727386924,-0.240949727386812,-0.24094972738683,-0.24094972738696,-0.240949727386991,-0.24094972738703,-0.24094972738711,-0.240949727386987,-0.240949727386944,-0.240949727387119,-0.240949727387121,-0.240949727386935,-0.240949727387033,-0.240949727387335,-0.240949727387454,-0.240949727387314,-0.240949727386999,-0.240949727386716,-0.240949727386527,-0.240949727386802,-0.240949727387027,-0.240949727386905,-0.240949727387091,-0.240949727387155,-0.240949727387096,-0.240949727387098,-0.240949727386963,-0.240949727386891,-0.240949727386958,-0.240949727387395,-0.240949727387776,-0.240949727387499,-0.240949727387055,-0.240949727386583,-0.24094972738633,-0.240949727386713,-0.24094972738703,-0.24094972738703,-0.24094972738703,-0.24094972738703,-0.24094972738703,-0.24094972738703,-0.24094972738703,-0.24094972738703,-0.24094972738703,-0.240949727386838,-0.24094972738703,-0.240949727387418,-0.24094972738703,-0.240949727387035,-0.240949727387646,-0.24094972738766,-0.240949727387257,-0.240949727386838,-0.240949727386403,-0.240949727386608,-0.240949727386813,-0.240949727386586,-0.24094972738703,-0.240949727387485,-0.24094972738703,-0.240949727386799,-0.24094972738703,-0.240949727386788,-0.24094972738703,-0.240949727387518,-0.240949727387529,-0.240949727387793,-0.240949727387807,-0.240949727387052,-0.240949727386275,-0.240949727385997,-0.240949727386508,-0.24094972738703,-0.24094972738703,-0.24094972738703,-0.24094972738703,0,0.240949727387302,0.24094972738703,0.240949727386758,0.24094972738703,0.240949727386247,0.240949727385999,0.240949727386792,0.240949727387052,0.240949727387302,0.24094972738804,0.240949727387779,0.240949727387027,0.240949727387027,0.24094972738703,0.24094972738703,0.24094972738703,0.24094972738703,0.240949727387031,0.240949727387253,0.24094972738703,0.240949727386591,0.240949727386389,0.240949727386192,0.24094972738663,0.240949727387263,0.240949727387868,0.240949727388051,0.240949727387035,0.240949727386636,0.240949727387227,0.240949727387414,0.240949727387217,0.240949727386841,0.240949727386663,0.24094972738703,0.240949727387385,0.240949727387027,0.240949727387021,0.24094972738703,0.24094972738686,0.240949727387191,0.240949727386555,0.240949727386093,0.240949727386743,0.240949727387207,0.240949727387499,0.240949727387629,0.240949727387324,0.240949727386891,0.24094972738703,0.240949727387302,0.24094972738716,0.240949727386897,0.2409497273869,0.24094972738703,0.24094972738703,0.24094972738703,0.240949727386802,0.240949727386475,0.240949727386717,0.240949727387268,0.240949727387363,0.240949727387244,0.240949727387235,0.240949727387225,0.24094972738703,0.240949727386847,0.24094972738703,0.240949727387119,0.24094972738703,0.240949727386953,0.24094972738703,0.240949727387108,0.24094972738696,0.240949727386897,0.24094972738678,0.240949727386919,0.240949727387174,0.240949727387163,0.240949727387205,0.240949727387141,0.24094972738703,0.240949727387075,0.240949727387072,0.240949727386985,0.240949727386988,0.240949727386994,0.240949727387027,0.240949727387063,0.24094972738703,0.240949727386986,0.240949727386914,0.240949727387008,0.240949727387091,0.240949727387074,0.240949727387086,0.240949727387052,0.240949727387033,0.24094972738703,0.240949727387027
da3,-1.34761549626292,-1.34761549626292,-1.34761549626289,-1.34761549626314,-1.34761549626351,-1.34761549626337,-1.34761549626314,-1.34761549626314,-1.34761549626324,-1.34761549626325,-1.34761549626304,-1.34761549626317,-1.34761549626314,-1.34761549626301,-1.34761549626331,-1.34761549626243,-1.34761549626128,-1.34761549626186,-1.34761549626273,-1.34761549626337,-1.34761549626479,-1.34761549626516,-1.34761549626387,-1.34761549626317,-1.34761549626289,-1.34761549626288,-1.34761549626314,-1.34761549626284,-1.34761549626089,-1.34761549625979,-1.34761549626196,-1.34761549626397,-1.34761549626549,-1.34761549626599,-1.34761549626424,-1.34761549626314,-1.34761549626356,-1.34761549626357,-1.34761549626273,-1.34761549626317,-1.3476154962636,-1.3476154962627,-1.34761549626269,-1.34761549626314,-1.34761549626065,-1.34761549625753,-1.3476154962599,-1.3476154962629,-1.34761549626616,-1.34761549626956,-1.34761549626643,-1.34761549626317,-1.34761549626287,-1.34761549626317,-1.34761549626316,-1.34761549626255,-1.34761549625998,-1.3476154962567,-1.34761549625912,-1.34761549626259,-1.34761549626562,-1.34761549626979,-1.3476154962679,-1.34761549626384,-1.34761549626352,-1.34761549626315,-1.34761549626279,-1.34761549626278,-1.34761549626277,-1.34761549626391,-1.34761549626354,-1.34761549626237,-1.34761549626072,-1.34761549625657,-1.34761549625642,-1.34761549626128,-1.34761549626505,-1.34761549626898,-1.34761549627086,-1.34761549626707,-1.34761549626272,-1.34761549626181,-1.34761549626314,-1.34761549626361,-1.34761549626315,-1.34761549626315,-1.34761549626315,-1.34761549626315,-1.34761549626168,-1.34761549625666,-1.34761549625403,-1.34761549625841,-1.34761549626241,-1.34761549626917,-1.3476154962745,-1.34761549626837,-1.3476154962637,-1.34761549626315,-1.34761549626207,-1.34761549626315,-5.44009282066327e-13,1.34761549626914,1.34761549627446,1.34761549626889,1.34761549626345,1.34761549625769,1.34761549625206,1.34761549625638,1.34761549626213,1.34761549626318,1.34761549626318,1.34761549626414,1.3476154962646,1.34761549626312,1.34761549626219,1.34761549626269,1.34761549626315,1.34761549626634,1.34761549627125,1.34761549626974,1.34761549626515,1.34761549626031,1.34761549625521,1.34761549625623,1.3476154962606,1.34761549626357,1.34761549626479,1.34761549626434,1.34761549626352,1.34761549626312,1.34761549626388,1.34761549626405,1.34761549626309,1.34761549626327,1.34761549626345,1.34761549626272,1.34761549626343,1.34761549626377,1.34761549626272,1.34761549626273,1.34761549626292,1.34761549626292,1.34761549626261,1.34761549626246,1.34761549626295,1.34761549626311,1.3476154962634,1.34761549626354,1.34761549626309,1.34761549626295,1.34761549626323,1.34761549626336,1.34761549626335,1.34761549626321,1.34761549626308,1.34761549626308,1.34761549626295,1.34761549626296,1.34761549626308,1.34761549626308,1.34761549626319,1.3476154962634,1.34761549626306,1.34761549626241,1.34761549626255,1.34761549626301,1.34761549626324,1.34761549626337,1.34761549626323,1.34761549626313,1.34761549626321,1.34761549626313,1.34761549626309,1.34761549626316,1.34761549626312,1.34761549626308,1.34761549626305,1.34761549626305,1.34761549626306,1.34761549626292,1.34761549626287,1.34761549626305,1.34761549626317,1.34761549626322,1.34761549626325,1.34761549626317,1.34761549626318,1.34761549626312,1.34761549626292,1.34761549626297,1.3476154962631,1.3476154962631,1.34761549626309,1.34761549626309,1.34761549626309,1.34761549626309,1.34761549626309,1.34761549626309,1.34761549626309,1.34761549626309,1.34761549626292
tau1,-3.52012531570811,-3.52140269936185,-3.5225684912317,-3.52361366976034,-3.52452912913756,-3.52530568746505,-3.52593409510141,-3.5264050431794,-3.52670917228987,-3.52683708132638,-3.5267793364845,-3.52652648040507,-3.52606904145543,-3.52539754314565,-3.52450251366386,-3.52337449552457,-3.52200405532969,-3.52038179362309,-3.51849835482889,-3.51634443727715,-3.513910803296,-3.51118828936057,-3.50816781629858,-3.5048403995301,-3.50119715933903,-3.49722933117104,-3.49292827593249,-3.48828549028762,-3.48329261695251,-3.47794145496076,-3.47222396989247,-3.46613230406605,-3.45965878666965,-3.4527959438246,-3.44553650857583,-3.43787343078828,-3.42979988694441,-3.42130928983017,-3.41239529809932,-3.40305182570717,-3.39327305118895,-3.38305342678686,-3.37238768741655,-3.36127085944721,-3.34969826929074,-3.33766555180451,-3.32516865846963,-3.31220386535181,-3.29876778084159,-3.28485735313441,-3.27046987747552,-3.25560300314101,-3.24025474014182,-3.22442346565148,-3.20810793014596,-3.19130726325162,-3.17402097927269,-3.15624898241808,-3.13799157169597,-3.11924944547675,-3.1000237057366,-3.08031586193141,-3.06012783453381,-3.03946195821267,-3.01832098463895,-2.99670808493044,-2.97462685171221,-2.95208130081173,-2.92907587256296,-2.90561543270461,-2.88170527290806,-2.85735111090691,-2.83255909020962,-2.80733577942795,-2.78168817120075,-2.75562368070185,-2.72915014375122,-2.70227581451119,-2.67500936277957,-2.6473598708743,-2.61933683010651,-2.59095013686138,-2.56221008825195,-2.53312737737898,-2.50371308821117,-2.47397869003876,-2.44393603153869,-2.41359733445938,-2.38297518690624,-2.35208253625498,-2.32093268168792,-2.28953926634946,-2.2579162691411,-2.22607799616017,-2.19403907177308,-2.16181442935472,-2.12941930169686,-2.09686921106538,-2.06417995894018,-2.03136761545839,1.00032519351962,3.97194683481156,3.94460854980277,3.91710317279442,3.88944965224609,3.86166674032816,3.83377298069173,3.80578669655811,3.77772597911447,3.74960867621711,3.72145238142869,3.69327442339447,3.66509185554652,3.63692144617492,3.60877966885574,3.58068269321738,3.55264637610058,3.52468625308948,3.49681753041058,3.46905507722387,3.44141341830042,3.41390672709067,3.38654881918799,3.35935314619048,3.33233278996178,3.30550045729423,3.27886847497527,3.25244878525818,3.22625294173606,3.20029210562081,3.17457704242995,3.14911811907511,3.12392530135015,3.09900815182304,3.07437582812615,3.05003708164088,3.02600025657957,3.00227328945158,2.97886370892012,2.95577863604381,2.93302478488217,2.91060846348826,2.88853557526718,2.86681162068892,2.84544169936413,2.82443051246231,2.80378236548102,2.78350117134842,2.76359045385148,2.74405335139293,2.72489262105383,2.70611064296378,2.68770942497325,2.6696906076115,2.65205546932142,2.63480493196964,2.61793956661853,2.60145959954761,2.58536491851821,2.56965507927494,2.554329312267,2.53938652957971,2.52482533207586,2.51064401672628,2.49684058412309,2.48341274616456,2.47035793390143,2.4576733055342,2.44535575455166,2.433401918,2.42180818486585,2.41057070457424,2.39968539558304,2.38914795405974,2.37895386264057,2.36909839925403,2.35957664599975,2.35038349807476,2.34151367273319,2.33296171827103,2.32472202302686,2.316788824389,2.30915621779715,2.30181816572907,2.29476850666568,2.2880009640232,2.28150915504264,2.27528659962918,2.26932672913317,2.2636228950628,2.25816837771991,2.25295639475385,2.24798010962246,2.24323263995447,2.23870706580616,2.23439643780234,2.23029378515905,2.22639212358007,2.22268446301889,2.2191638153034,2.2158232016161
tau2,-38.2932824884682,-38.348721149812,-38.4028842893011,-38.455752656053,-38.5073072159415,-38.5575291556955,-38.6063998869224,-38.6539010500488,-38.7000145181855,-38.7447224009154,-38.7880070480022,-38.8298510530248,-38.8702372569315,-38.9091487515205,-38.9465688828436,-38.9824812545316,-39.0168697310531,-39.0497184408934,-39.0810117796565,-39.1107344131029,-39.138871280116,-39.1654075955887,-39.1903288532532,-39.2136208284428,-39.2352695807714,-39.2552614567612,-39.2735830924025,-39.2902214156488,-39.3051636488569,-39.3183973111641,-39.3299102207991,-39.339690497341,-39.3477265639291,-39.3540071494066,-39.3585212904245,-39.3612583334957,-39.3622079369777,-39.3613600730234,-39.3587050294965,-39.354233411832,-39.3479361448464,-39.3398044745182,-39.3298299697331,-39.318004523969,-39.3043203569688,-39.2887700163888,-39.2713463793792,-39.2520426541458,-39.2308523815063,-39.2077694363929,-39.1827880293351,-39.1559027079421,-39.1271083583227,-39.0964002064937,-39.0637738197892,-39.0292251082482,-38.9927503259626,-38.9543460724307,-38.9140092938922,-38.8717372846146,-38.8275276882277,-38.7813784990186,-38.7332880631928,-38.6832550801754,-38.6312786038659,-38.5773580438794,-38.521493166816,-38.4636840974998,-38.403931320214,-38.3422356799463,-38.2785983835973,-38.2130210012139,-38.1455054672274,-38.0760540816421,-38.0046695112577,-37.9313547908802,-37.8561133245148,-37.7789488865788,-37.6998656230905,-37.6188680528465,-37.535961068631,-37.4511499383911,-37.3644403063779,-37.2758381943277,-37.1853500026406,-37.0929825115037,-36.9987428820215,-36.9026386573681,-36.8046777638739,-36.7048685121318,-36.6032195981066,-36.4997401041704,-36.3944395001471,-36.287327644381,-36.1784147847102,-36.067711559453,-35.9552289983967,-35.840978523697,-35.7249719507919,-35.6072214892774,-32.1503509523855,-28.6805141267561,-28.5471876211875,-28.4130019663004,-28.2779765966657,-28.1421310547319,-28.0054849860164,-27.8680581344166,-27.7298703375806,-27.5909415222151,-27.4512916995056,-27.310940960605,-27.169909472111,-27.0282174716287,-26.8858852633968,-26.7429332139338,-26.599381747764,-26.4552513431838,-26.3105625281055,-26.1653358759519,-26.0195920015959,-25.8733515573772,-25.7266352291902,-25.5794637326216,-25.4318578091662,-25.2838382225056,-25.1354257548295,-24.9866412032495,-24.8375053762721,-24.6880390903174,-24.5382631663572,-24.3881984265948,-24.2378656911771,-24.0872857750113,-23.9364794846484,-23.7854676152226,-23.6342709474627,-23.4829102447693,-23.3314062503334,-23.1797796843611,-23.0280512413355,-22.8762415873363,-22.7243713574547,-22.5724611532069,-22.4205315400677,-22.2686030450554,-22.1166961543277,-21.9648313108753,-21.8130289122574,-21.6613093083823,-21.5096927993486,-21.3581996333447,-21.2068500045748,-21.055664051234,-20.9046618535384,-20.753863431798,-20.6032887445219,-20.4529576865598,-20.302890087291,-20.1531057088369,-20.0036242443086,-19.8544653160982,-19.7056484741853,-19.5571931944587,-19.4091188770822,-19.2614448448825,-19.1141903417453,-18.9673745310295,-18.8210164940048,-18.6751352283055,-18.5297496463812,-18.384878573966,-18.2405407485558,-18.0967548178905,-17.9535393384357,-17.8109127738621,-17.6688934935355,-17.5274997709904,-17.3867497824104,-17.2466616050949,-17.107253215909,-16.9685424897409,-16.8305471979316,-16.6932850066947,-16.5567734755246,-16.4210300555789,-16.2860720880439,-16.1519168024839,-16.0185813151612,-15.8860826273351,-15.7544376235363,-15.6236630698112,-15.4937756119417,-15.3647917736322,-15.2367279546726,-15.1096004290619,-14.983425343102,-14.8582187134625,-14.733996425205,-14.6107742297769,-14.4885677429683
tau3,-6.44230649698312,-6.5175583607881,-6.59154466011947,-6.66424817076041,-6.73565203545952,-6.80573976711247,-6.87449525180558,-6.94190275171652,-7.00794690787611,-7.07261274279124,-7.13588566292795,-7.19775146105622,-7.25819631845393,-7.31720680697582,-7.37476989098368,-7.43087292913732,-7.48550367605716,-7.53865028384592,-7.59030130347345,-7.64044568603746,-7.68907278388966,-7.73617235162607,-7.78173454695753,-7.82574993145061,-7.86820947113468,-7.90910453699336,-7.94842690533071,-7.98616875801534,-8.02232268260802,-8.05688167237415,-8.08983912617365,-8.12118884823668,-8.15092504784132,-8.1790423388699,-8.20553573926288,-8.23040067037236,-8.25363295620031,-8.27522882254364,-8.29518489604693,-8.31349820315509,-8.33016616896579,-8.34518661600016,-8.3585577628861,-8.37027822294346,-8.38034700269445,-8.38876350030165,-8.39552750391286,-8.40063918992129,-8.40409912118037,-8.40590824512687,-8.40606789183426,-8.40457977202489,-8.40144597498267,-8.39666896641732,-8.39025158628031,-8.38219704651731,-8.37250892876188,-8.36119118198501,-8.34824812009337,-8.33368441945927,-8.31750511643996,-8.29971560483751,-8.28032163330467,-8.25932930274555,-8.23674506364988,-8.21257571338992,-8.18682839351012,-8.15951058696856,-8.13063011535174,-8.10019513606691,-8.06821413949782,-8.03469594615124,-7.99964970377399,-7.96308488444306,-7.92501128165271,-7.88543900736278,-7.84437848903747,-7.80184046668585,-7.75783598986449,-7.71237641467596,-7.66547340076778,-7.61713890829945,-7.56738519489905,-7.51622481262351,-7.46367060491255,-7.40973570352087,-7.35443352544407,-7.29777776984695,-7.23978241497253,-7.18046171505192,-7.11983019721665,-7.0579026583807,-6.99469416211942,-6.93022003557572,-6.8644958663151,-6.79753749919533,-6.72936103325528,-6.65998281853676,-6.58941945293433,-6.51768777904525,-4.82436997261456,-3.12696672948884,-3.04874045554208,-2.96927933536847,-2.88860674179973,-2.80674631964905,-2.72372197775309,-2.63955788101618,-2.55427844247661,-2.46790831530853,-2.38047238484238,-2.29199576060322,-2.20250376833391,-2.11202194202564,-2.02057601595899,-1.92819191675809,-1.8348957554602,-1.74071381959403,-1.64567256529283,-1.54979860942554,-1.45311872173272,-1.35565981701769,-1.25744894736129,-1.15851329435776,-1.05888016140726,-0.958576966026823,-0.857631232196653,-0.75607058276024,-0.653922731861376,-0.551215477424587,-0.447976693688147,-0.344234323782692,-0.24001637234836,-0.135350898209965,-0.0302660071103009,0.0752101555134865,0.181049411697939,0.287223558057927,0.393704372849062,0.500463622964661,0.607473070871688,0.714704481497688,0.822129629050058,0.929720303786167,1.03744831871311,1.14528551622729,1.25320377470432,1.3611750150169,1.46917120699567,1.5771643758308,1.68512660840751,1.79303005958068,1.90084695839214,2.00854961422487,2.1161104228947,2.22350187268078,2.33069655029633,2.43766714680032,2.54438646344576,2.6508274174707,2.75696304782976,2.86276652086353,2.96821113591152,3.07327033087043,3.17791768769027,3.28212693781149,3.38587196755034,3.48912682342775,3.59186571743985,3.69406303227465,3.79569332647539,3.8967313395487,3.99715199702077,4.09693041543912,4.19604190732332,4.29446198606522,4.39216637077534,4.48913099108136,4.58533199187436,4.68074573800681,4.77534881894282,4.8691180533564,4.96203049368381,5.05406343062818,5.14519439761533,5.2354011752037,5.32466179544742,5.41295454621133,5.50025797544161,5.58655089538963,5.67181238678859,5.75602180298608,5.83915877403022,5.92120321070971,6.00213530854777,6.08193555175112,6.16058471711278,6.23806387786792,6.31435440750436,6.38943798352576,6.46329659116799
m1,-3.52012531570811,-3.52139069556192,-3.52252571224614,-3.52352929340902,-3.52440040308371,-3.52513804234669,-3.52574124996495,-3.52620910302962,-3.52654071757612,-3.52673524919108,-3.52679189360625,-3.52670988727548,-3.52648850793566,-3.52612707515585,-3.52562495086639,-3.52498153986941,-3.52419629033861,-3.52326869429745,-3.52219828807438,-3.52098465274748,-3.51962741456678,-3.51812624535336,-3.516480862885,-3.51469103125495,-3.51275656121153,-3.51067731048304,-3.50845318407255,-3.50608413453023,-3.50357016221203,-3.50091131551009,-3.49810769105722,-3.49515943391553,-3.49206673773682,-3.48882984489819,-3.48544904661839,-3.48192468304526,-3.47825714332009,-3.47444686561757,-3.47049433716192,-3.46640009422152,-3.46216472206824,-3.45778885491633,-3.45327317584274,-3.44861841667364,-3.44382535784361,-3.4388948282426,-3.43382770502306,-3.42862491338492,-3.42328742634538,-3.41781626446419,-3.41221249555942,-3.40647723439483,-3.40061164233537,-3.39461692698085,-3.38849434177546,-3.38224518559822,-3.37587080231431,-3.36937258031579,-3.36275195202822,-3.35601039339179,-3.34914942333674,-3.34217060321046,-3.33507553619575,-3.32786586670637,-3.32054327975047,-3.31310950028003,-3.30556629250903,-3.29791545922474,-3.29015884107128,-3.2822983157952,-3.27433579749293,-3.26627323583557,-3.25811261525635,-3.24985595413607,-3.24150530396878,-3.23306274849875,-3.22453040284951,-3.2159104126281,-3.20720495301734,-3.19841622785113,-3.18954646866971,-3.18059793377406,-3.1715729072433,-3.16247369794728,-3.15330263856682,-3.14406208457257,-3.13475441319774,-3.12538202241006,-3.11594732986046,-3.10645277183143,-3.09690080217635,-3.08729389124083,-3.07763452478119,-3.06792520287876,-3.05816843883514,-3.04836675807253,-3.03852269703644,-3.02863880207256,-3.01871762830401,-3.00876173852185,4.12135608512472e-14,2.98875609369218,2.97871149244038,2.96864248051337,2.95855164215814,2.94844156253656,2.93831482658999,2.92817401792572,2.91802171770227,2.90786050350758,2.89769294824871,2.88752161905054,2.87734907614542,2.86717787178669,2.8570105491693,2.8468496413338,2.83669767010359,2.82655714502797,2.81643056232375,2.80632040383525,2.79622913600394,2.78615920884883,2.77611305495917,2.76609308850085,2.75610170423494,2.74614127655087,2.73621415851399,2.72632268092839,2.71646915141377,2.7066558534986,2.69688504573329,2.68715896081847,2.67747980474796,2.66784975597307,2.65827096458488,2.64874555151384,2.6392756077526,2.62986319359301,2.62051033788773,2.61121903733509,2.60199125577112,2.59282892349721,2.58373393662777,2.57470815645207,2.5657534088253,2.55687148357465,2.548064133936,2.53933307601057,2.53067998824153,2.52210651092097,2.51361424571237,2.50520475519879,2.49687956245939,2.48864015066686,2.48048796270574,2.47242440081902,2.46445082627902,2.45656855907952,2.44877887765247,2.44108301861268,2.43348217652341,2.42597750368308,2.41857010994305,2.41126106254582,2.40405138598753,2.39694206190391,2.38993402898008,2.3830281828838,2.37622537622332,2.36952641852912,2.36293207625377,2.35644307280099,2.35006008857602,2.34378376105347,2.33761468487284,2.33155341195411,2.32560045163439,2.31975627082768,2.31402129420374,2.30839590438752,2.30288044217962,2.29747520679781,2.29218045613708,2.28699640704793,2.28192323563523,2.27696107757527,2.27211002844979,2.26737014409805,2.26274144098687,2.25822389659673,2.25381744982304,2.24952200139521,2.2453374143097,2.24126351427844,2.23730009019229,2.233446894596,2.22970364417844,2.22607002027587,2.222545669386,2.21913020369506,2.2158232016161
m2,-3.25093234338979,-3.25556053722628,-3.26013282797631,-3.26464826798743,-3.26910592111733,-3.27350486288759,-3.27784418063733,-3.28212297367012,-3.28634035340002,-3.29049544349607,-3.29458738002274,-3.29861531158066,-3.30257839944122,-3.30647581768178,-3.31030675331692,-3.31407040642472,-3.3177659902777,-3.32139273146534,-3.32494987001047,-3.3284366594904,-3.33185236715535,-3.33519627403467,-3.33846767505292,-3.34166587914221,-3.34479020933761,-3.34784000288246,-3.35081461132795,-3.35371340062781,-3.35653575123673,-3.35928105820328,-3.36194873125246,-3.36453819487012,-3.36704888839174,-3.36948026607544,-3.37183179718539,-3.37410296607307,-3.37629327223315,-3.3784022303731,-3.38042937048898,-3.38237423792845,-3.38423639344328,-3.38601541324883,-3.38771088908609,-3.38932242825624,-3.39084965367755,-3.3922922039473,-3.39364973336669,-3.39492191197386,-3.39610842559814,-3.39720897588503,-3.39822328032444,-3.39915107230001,-3.39999210109602,-3.40074613191094,-3.40141294588966,-3.40199234014875,-3.40248412777743,-3.40288813785663,-3.40320421547113,-3.40343222168429,-3.40357203357014,-3.40362354421455,-3.4035866626895,-3.40346131407493,-3.40324743943846,-3.40294499580816,-3.40255395617599,-3.40207430947512,-3.40150606055679,-3.40084923017862,-3.40010385495942,-3.39926998735937,-3.39834769566749,-3.39733706394046,-3.39623819197605,-3.39505119527754,-3.39377620500002,-3.39241336791966,-3.39096284638011,-3.38942481822955,-3.387799476793,-3.38608703081336,-3.384287704363,-3.38240173679915,-3.38042938272351,-3.37837091189192,-3.37622660913964,-3.37399677433663,-3.37168172228777,-3.36928178266303,-3.36679729994481,-3.36422863331406,-3.36157615656221,-3.35884025804419,-3.35602134055582,-3.35311982124465,-3.35013613154678,-3.3470707170592,-3.34392403745264,-3.34069656637726,-7.09746027860784e-13,3.33400121365663,3.3305343482381,3.32698872357865,3.32336488163244,3.31966337764794,3.3158847801109,3.31202967060343,3.30809864364035,3.30409230660712,3.30001127962888,3.2958561954141,3.29162769915629,3.28732644839802,3.28295311288226,3.27850837443453,3.27399292681989,3.26940747561334,3.26475273805107,3.2600294428867,3.25523833026361,3.25038015156896,3.24545566927935,3.24046565681753,3.23541089839519,3.2302921888561,3.2251103335412,3.21986614812638,3.21456045846609,3.20919410045693,3.20376791984803,3.19828277207543,3.19273952212975,3.18713904438567,3.18148222242974,3.17576994889793,3.17000312530548,3.16418266187576,3.15830947739152,3.15238449900284,3.14640866206014,3.14038290995109,3.13430819390293,3.12818547284476,3.12201571320908,3.11579988873825,3.10953898033671,3.10323397587937,3.09688587003098,3.09049566407325,3.08406436571998,3.07759298892373,3.07108255370171,3.06453408595868,3.05794861729745,3.05132718482895,3.04467083098905,3.03798060335747,3.03125755446459,3.02450274160933,3.01771722667355,3.01090207592256,3.00405835981879,2.99718715284582,2.99028953331208,2.98336658315449,2.97641938775298,2.96944903574453,2.96245661882981,2.95544323157595,2.94840997123441,2.94135793754849,2.93428823256085,2.92720196042039,2.92010022719229,2.91298414067206,2.90585481018682,2.89871334641077,2.89156086116775,2.88439846724195,2.87722727819489,2.87004840816554,2.862862971685,2.85567208348687,2.84847685831332,2.84127841072963,2.83407785493617,2.82687630457568,2.81967487254822,2.81247467082272,2.80527681024885,2.79808240037197,2.79089254924598,2.78370836324928,2.77653094689548,2.76936140265269,2.76220083076059,2.75505032904434,2.74791099273479,2.74078391428552,2.73367018319211
m3,-1.70056262899434,-1.70048346634622,-1.70038388194426,-1.70026396239217,-1.70012379902375,-1.69996348786873,-1.69978312961925,-1.69958282959222,-1.69936269769154,-1.69912284837003,-1.69886340058978,-1.69858447778236,-1.69828620780532,-1.69796872290115,-1.6976321596534,-1.69727665893937,-1.69690236588908,-1.69650942983722,-1.69609800427094,-1.69566824678539,-1.69522031903509,-1.69475438667877,-1.69427061933229,-1.69376919051848,-1.69325027760807,-1.69271406176835,-1.69216072790836,-1.69159046462204,-1.69100346413305,-1.69039992224083,-1.6897800382586,-1.68914401494967,-1.68849205847606,-1.68782437833444,-1.68714118729563,-1.68644270134794,-1.68572913962721,-1.68500072435325,-1.6842576807712,-1.68350023708813,-1.68272862440191,-1.68194307663872,-1.68114383049109,-1.68033112534346,-1.67950520320592,-1.6786663086562,-1.6778146887669,-1.67695059302358,-1.67607427327095,-1.67518598363817,-1.67428598046276,-1.67337452223936,-1.67245186953254,-1.67151828490226,-1.67057403283985,-1.6696193796968,-1.66865459360886,-1.66767994442778,-1.6666957036511,-1.66570214433084,-1.6646995410166,-1.663688169682,-1.66266830763769,-1.66164023347793,-1.66060422699725,-1.65956056910423,-1.65850954176087,-1.65745142790438,-1.65638651137132,-1.65531507682648,-1.6542374096807,-1.65315379602336,-1.65206452254767,-1.65096987646991,-1.64987014546504,-1.64876561758154,-1.64765658116364,-1.64654332479063,-1.64542613719292,-1.64430530717727,-1.64318112356492,-1.64205387510928,-1.64092385041383,-1.63979133786388,-1.63865662556099,-1.63752000124457,-1.63638175221532,-1.63524216526891,-1.63410152661779,-1.63296012182099,-1.63181823572364,-1.6306761523728,-1.62953415493725,-1.62839252566143,-1.62725154577537,-1.62611149542644,-1.62497265363791,-1.62383529820842,-1.62269970564775,-1.62156615112152,-5.51709842255832e-13,1.61930624966333,1.6181804456989,1.61705776555934,1.6159384766653,1.61482284467613,1.61371113344546,1.61260360496078,1.61150051925125,1.6104021343521,1.60930870624797,1.60822048879794,1.607137733679,1.60606069032842,1.60498960588543,1.60392472513162,1.60286629043192,1.60181454168476,1.60076971625856,1.59973204893368,1.59870177186591,1.5976791145234,1.59666430363107,1.59565756312726,1.59465911409935,1.59366917473869,1.59268796029983,1.5917156830479,1.59075255221205,1.58979877394121,1.58885455125412,1.58792008399204,1.58699556878311,1.58608119899988,1.58517716471146,1.58428365264641,1.58340084615502,1.58252892516426,1.58166806614746,1.58081844208633,1.5799802224307,1.57915357306854,1.57833865628832,1.57753563075275,1.57674465146317,1.57596586972528,1.57519943312685,1.57444548550557,1.57370416692206,1.57297561363607,1.57225995807907,1.57155732882844,1.57086785058693,1.57019164416128,1.56952882644068,1.56887951037615,1.56824380496196,1.56762181521964,1.56701364217986,1.56641938286796,1.56583913029059,1.56527297342028,1.56472099718344,1.56418328245273,1.56365990603614,1.56315094066531,1.56265645498984,1.56217651357216,1.56171117688086,1.56126050128613,1.56082453905742,1.56040333836086,1.55999694325903,1.55960539371024,1.55922872556988,1.55886697059409,1.55852015644173,1.55818830668004,1.55787144078926,1.55756957416953,1.55728271815034,1.55701087999762,1.55675406292412,1.55651226610119,1.55628548467002,1.55607370975529,1.55587692847987,1.55569512397898,1.55552827541733,1.55537635800676,1.55523934302356,1.55511719782864,1.55500988588814,1.55491736679471,1.55483959628942,1.55477652628579,1.55472810489428,1.55469427644731,1.55467498152593,1.55467015698702,1.5546797359914
c1,0,-1.20037999306337e-05,-4.27789855577706e-05,-8.43763513245833e-05,-0.000128726053851648,-0.000167645118361301,-0.000192845136457952,-0.000195940149782248,-0.000168454713752093,-0.000101832135303635,1.25571217503779e-05,0.00018340687041612,0.000419466480227317,0.000729532010198458,0.00112243720253025,0.00160704434483654,0.00219223500891953,0.00288690067436702,0.0036999332454888,0.00464021547033632,0.00571661127077486,0.00693795599279128,0.00831304658641607,0.00985063172484363,0.011559401872502,0.0134479793120027,0.01552490814006,0.0177986442426111,0.0202775452595157,0.0229698605493289,0.0258837211647531,0.0290271298494729,0.0324079510671722,0.0360339010735947,0.0399125380425663,0.0440512522569736,0.0484572563756832,0.053137575787409,0.0580990390626027,0.0633482685143491,0.0688916708792841,0.0747354281294729,0.0808854884261912,0.087347557226429,0.094127088552872,0.101229276438085,0.108659046553427,0.116421048033116,0.124519645503796,0.132958911329783,0.141742618083897,0.15087423125382,0.160356902193556,0.170193461329374,0.180386411629506,0.190937922346596,0.201849823041617,0.213123597897704,0.224760380332251,0.23676094791504,0.249125717600139,0.261854741279056,0.274947701661933,0.288403908493694,0.302222295111526,0.316401415349596,0.33093944079682,0.34583415841301,0.361082968508316,0.376682883090594,0.392630524584867,0.408922124928657,0.425553525046732,0.442520174708123,0.459817132768025,0.477439067796901,0.495380259098298,0.513634598116916,0.532195590237773,0.551056356976827,0.570209638563204,0.589647796912683,0.609362818991351,0.6293463205683,0.649589550355648,0.670083394533807,0.69081838165905,0.711784687950682,0.732972142954222,0.754370235576448,0.775968120488429,0.797754624891373,0.819718255640084,0.841847206718596,0.864129367062064,0.886552328717812,0.90910339533958,0.931769591007186,0.954537669363825,0.977394123063458,1.00032519351958,0.983190741119374,0.965897057362395,0.948460692281051,0.930898010087949,0.913225177791602,0.895458154101743,0.877612678632382,0.859704261412191,0.841748172709531,0.823759433179981,0.805752804343937,0.787742779401099,0.769743574388232,0.751769119686445,0.733833051883577,0.715948705996997,0.698129108061512,0.680386968086828,0.662734673388624,0.645184282296477,0.627747518241846,0.610435764228818,0.593260057689639,0.576231085726841,0.559359180743356,0.54265431646128,0.526126104329791,0.50978379032229,0.493636252122215,0.477691996696653,0.461959158256642,0.446445496602184,0.431158395849969,0.416104863541262,0.401291530127039,0.386724648826971,0.372410095858568,0.358353371032392,0.344559598708716,0.33103352911105,0.317779539991047,0.304801638639408,0.292103464236857,0.279688290538831,0.267559028887653,0.255718231545023,0.244168095337844,0.232910465609943,0.221946840471965,0.211278375341453,0.200905887764985,0.190829862513864,0.181050456944642,0.171567506615683,0.162380531150626,0.153488740339512,0.144891040468091,0.136586040865739,0.128572060662253,0.120847135743592,0.11340902589663,0.106255222132809,0.0993829541804598,0.0927891981355676,0.0864706842606474,0.0804239049213524,0.0746451226503924,0.0691303783283388,0.0638754994708786,0.05887610861208,0.0541276317732512,0.0496253070070165,0.0453641930062681,0.0413391777677336,0.0375449872999223,0.0339761943653625,0.0306272272470865,0.0274923785294495,0.0245658138835028,0.0218415808472369,0.0193136175911918,0.0169757616600695,0.014821758681143,0.01284527103045,0.0110398864479272,0.00939912659284873,0.00791645553113361,0.00658528814630146,0.00539899846607551,0.00435092789687094,0.00343439335863465,0.00264269531275804,0.00196912567603212,0.00140697561387547,0.000949543206333212,0.000590140980612184,0.000322103304199636,0.000138793632889985,3.36116083323314e-05,0
c2,0,-8.57567425742246e-05,-0.000343253366040519,-0.000772749449181029,-0.00137439732517835,-0.00214824138548655,-0.0030942173880088,-0.00421215177071957,-0.00550176097192991,-0.0069626507584608,-0.00859431556304467,-0.0103961378323408,-0.0123673873870013,-0.0145072207952807,-0.0168146807617476,-0.0192886955326892,-0.0219280783198643,-0.0247315267443191,-0.0276976223019875,-0.0308248298528782,-0.0341114971356931,-0.0375558543097292,-0.0411560135259694,-0.0449099685293377,-0.0488155942940469,-0.0528706466940602,-0.0570727622107045,-0.0614194576794595,-0.0659081300780102,-0.0705360563576453,-0.0753003933201087,-0.0801981775419736,-0.0852263253486981,-0.0903816328404835,-0.0956607759720088,-0.101060310688225,-0.106576673118271,-0.112206179829613,-0.117945028144513,-0.123789296520917,-0.129734944999781,-0.135777815720843,-0.141913633508915,-0.148138006532607,-0.154446427037405,-0.160834272155057,-0.167296804791124,-0.173829174592424,-0.180426418996189,-0.187083464362733,-0.193795127193083,-0.200556115433402,-0.207361029867625,-0.214204365599732,-0.221080513627177,-0.227983762506743,-0.234908300114156,-0.241848215498491,-0.248797500832711,-0.255750053461109,-0.262699678044724,-0.269640088805672,-0.276564911870898,-0.283467687716274,-0.290341873711486,-0.297180846766157,-0.30397790607764,-0.310726275980734,-0.31741910889951,-0.324049488401298,-0.330610432352694,-0.337094896177614,-0.343495776217,-0.349805913189791,-0.356018095754762,-0.362125064172554,-0.368119514067161,-0.373994100286108,-0.37974144085829,-0.385354121048464,-0.390824697507149,-0.396145702514671,-0.401309648317947,-0.406309031558307,-0.411136337788929,-0.415784046080002,-0.420244633709634,-0.424510580938624,-0.4285743758669,-0.432428519369405,-0.436065530109064,-0.439477949624384,-0.44265834748908,-0.445599326541064,-0.448293528177971,-0.450733637716319,-0.452912389811346,-0.454822573934362,-0.456457039904413,-0.457808703470935,-0.458870551944091,-0.44161248939987,-0.424718663792688,-0.408188896068181,-0.392022843213363,-0.376219998427103,-0.360779691394593,-0.34570108866714,-0.33098319414823,-0.316624849686931,-0.302624735779801,-0.288981372381827,-0.275693119827202,-0.262758179860595,-0.250174596779221,-0.237940258686161,-0.226052898855249,-0.214510097207407,-0.203309281898657,-0.1924477310195,-0.181922574405545,-0.171730795559044,-0.16186923368065,-0.152334585811034,-0.143123409081487,-0.134232123072651,-0.12565701228054,-0.117394228688731,-0.109439794445432,-0.101789604644252,-0.09443943020718,-0.0873849208682151,-0.0806216082560386,-0.0741449090740103,-0.0679501283755489,-0.0620324629329405,-0.0563870046975619,-0.0510087443492649,-0.045892574932682,-0.0410332955781144,-0.0364256153044535,-0.0320641569016795,-0.0279434608901882,-0.0240579895542689,-0.0204021310469366,-0.016970203563135,-0.0137564595784364,-0.0107550901501038,-0.00796022927744963,-0.00536595831826724,-0.00296631045810369,-0.000755275229047586,0.00127319692533642,0.0031251900423499,0.00480681799326428,0.00632421980067317,0.00768355492372017,0.00889099851474551,0.00995273665101373,0.0108749615451947,0.0116638667382901,0.0123256422787121,0.0128664698912753,0.0132925181398399,0.0136099375873658,0.0138248559571753,0.0139433732991814,0.0139715571648567,0.0139154377947197,0.0137810033221084,0.0135741949969867,0.0133009024335095,0.0129669588850908,0.0125781365506343,0.0121401419156175,0.0116586111316509,0.0111391054381179,0.0105871066294591,0.0100080125716183,0.00940713277113404,0.0087896840002904,0.00816078598172044,0.00752545713577615,0.0068886103939257,0.00625504908138775,0.00562946287213986,0.00501642381936919,0.00442038246437398,0.00384566402684596,0.00329646467938314,0.00277684790902123,0.00229074096847478,0.00184193141970889,0.00143406377237335,0.00107063621954733,0.000754997473152701,0.000490343701304204,0.000279715569776582,0.000125995389671458,3.19043732748765e-05,0
c3,0,1.52306404005333e-05,6.00178580456455e-05,0.000132965699441752,0.000232627447930296,0.000357507049873849,0.000506060599810527,0.000676697883472828,0.000867783977485547,0.00107764090447739,0.00130454934226151,0.00154675038566271,0.00180244735949138,0.00206980768109034,0.00234696477080655,0.00263202000866688,0.00292304473546862,0.0032180822964259,0.00351515012544733,0.00381224186805515,0.00410732954089637,0.00439836572573387,0.00468328579574962,0.00496001017193862,0.00522644660731607,0.0054804924966148,0.00572003720910139,0.00594296444209422,0.00614715459272684,0.00633048714546363,0.00649084307283457,0.00662610724682869,0.00673417085835563,0.0068129338421559,0.00686030730452276,0.00687421595117651,0.00685260051261602,0.00679342016426244,0.00669465493869519,0.00655430812728489,0.00637040866851516,0.00614101352029086,0.00586421001353708,0.00553811818440148,0.00516089308237505,0.00473072705168013,0.00424585198327502,0.00370454153485546,0.00310511331626127,0.00244593103771853,0.00172540661838724,0.000942002252716171,9.42324321473501e-05,-0.000819334080243509,-0.00180007232454038,-0.00284929927053284,-0.0039682719982784,-0.00515818593490181,-0.00642017314977198,-0.00775530071015482,-0.00916456909936757,-0.0106489106993924,-0.0122091883398373,-0.0138461939150639,-0.0155606470712186,-0.017353193964833,-0.0192244060945735,-0.0211747792076399,-0.0232047322822331,-0.0253146065874105,-0.027504664821576,-0.0297750903307497,-0.0321259864076729,-0.0345573756727067,-0.0370691995373986,-0.0396613177514765,-0.042333508033944,-0.0450854657888496,-0.0479168039061912,-0.050827052648338,-0.0538156596222212,-0.056881989837467,-0.0600253258505299,-0.0632448679947747,-0.066539734696369,-0.0699089628757372,-0.0733515084342043,-0.0768662468253834,-0.0804519737107423,-0.0841074056986688,-0.0878311811662996,-0.0916218611632062,-0.0954779303959877,-0.0993977982926962,-0.103379800145929,-0.107422198333305,-0.111523183613993,-0.115680876499817,-0.119893328699386,-0.124158524633616,-0.128474383020926,-0.127629906122476,-0.126695853073435,-0.125675797239275,-0.12457330106967,-0.123391913180204,-0.122135165488362,-0.120806570406088,-0.119409618091154,-0.117947773759491,-0.116424475060532,-0.114843129517529,-0.113207112034708,-0.111519762473059,-0.109784383296383,-0.108004237289236,-0.106182545348221,-0.104322484347983,-0.102427185083225,-0.100499730287894,-0.0985431527326127,-0.0965604334013318,-0.0945544997480652,-0.092528224034467,-0.0904844217489135,-0.0884258501076457,-0.086355206638419,-0.0842751278470093,-0.082188187966832,-0.0800968977918025,-0.0780037035924933,-0.0759109861155322,-0.0738210596660765,-0.0717361712731183,-0.0696584999372669,-0.0675901559605667,-0.0655331803578066,-0.0634895443486927,-0.0614611489301666,-0.0594498245280446,-0.0574573307271028,-0.0554853560786146,-0.0535355179842727,-0.0516093626553651,-0.049708365145966,-0.0478339294588706,-0.0459873887228833,-0.044170005440022,-0.0423829718011442,-0.0406274100684096,-0.0389043730229507,-0.0372148444760644,-0.0355597398421704,-0.0339399067717304,-0.032356125842284,-0.0308091113057023,-0.029299511889712,-0.0278279116517086,-0.0263948308828417,-0.0250007270603144,-0.0236459958458099,-0.0223309721279383,-0.0210559311065621,-0.0198210894168412,-0.0186266062908216,-0.0174725847543802,-0.0163590728573223,-0.0152860649344207,-0.0142535028951852,-0.0132612775401446,-0.0123092299014298,-0.011397152605449,-0.0105247912554528,-0.00969184583180384,-0.00889797210777607,-0.00814278307872376,-0.00742585040248835,-0.0067467058489276,-0.00610484275648054,-0.00549971749371319,-0.00493075092381662,-0.00439732987006737,-0.00389880858029709,-0.0034345101884555,-0.00300372817139586,-0.00260572779905377,-0.00223974757623908,-0.00190500067430795,-0.00160067635103419,-0.00132594135705053,-0.00107994132728736,-0.000861802155890699,-0.000670631353161336,-0.000505519383116,-0.000365540980332844,-0.000249756444806787,-0.00015721291360335,-8.69456081655257e-05,-3.7979056193876e-05,-9.32828708734392e-06,0
g1,0,0,0,0,0,0,0,0,0,0,0,0,0,0,0,0,0,0,0,0,0,0,0,0,0,0,0,0,0,0,0,0,0,0,0,0,0,0,0,0,0,0,0,0,0,0,0,0,0,0,0,0,0,0,0,0,0,0,0,0,0,0,0,0,0,0,0,0,0,0,0,0,0,0,0,0,0,0,0,0,0,0,0,0,0,0,0,0,0,0,0,0,0,0,0,0,0,0,0,0,0,0,0,0,0,0,0,0,0,0,0,0,0,0,0,0,0,0,0,0,0,0,0,0,0,0,0,0,0,0,0,0,0,0,0,0,0,0,0,0,0,0,0,0,0,0,0,0,0,0,0,0,0,0,0,0,0,0,0,0,0,0,0,0,0,0,0,0,0,0,0,0,0,0,0,0,0,0,0,0,0,0,0,0,0,0,0,0,0,0,0,0,0,0,0,0,0,0,0,0,0
g2,-35.0423501450784,-35.0930748558431,-35.1424082079587,-35.1903316386164,-35.236826897499,-35.2818760514225,-35.3254614888971,-35.367565924608,-35.4081724038136,-35.4472643066609,-35.4848253524164,-35.5208396036118,-35.5552914701033,-35.5881657130435,-35.6194474487649,-35.6491221525742,-35.6771756624555,-35.7035941826837,-35.728364287344,-35.7514729237596,-35.772907415825,-35.7926554672443,-35.8107051646743,-35.8270449807713,-35.8416637771398,-35.8545508071847,-35.8656957188638,-35.8750885573415,-35.8827197675422,-35.8885801966031,-35.8926610962265,-35.8949541249289,-35.8954513501886,-35.8941452504906,-35.8910287172671,-35.8860950567345,-35.8793379916263,-35.8707516628207,-35.860330630863,-35.8480698773826,-35.8339648064034,-35.8180112455485,-35.8002054471381,-35.7805440891801,-35.7590242762539,-35.7356435402865,-35.7103998412214,-35.6832915675795,-35.6543175369119,-35.6234769961451,-35.5907696218176,-35.5561955202087,-35.5197552273591,-35.481449708983,-35.4412803602724,-35.3992490055927,-35.355357898071,-35.3096097190756,-35.2620075775884,-35.2125550094692,-35.1612559766128,-35.1081148659984,-35.0531364886324,-34.9963260783842,-34.9376892907159,-34.877232201305,-34.8149613045624,-34.7508835120439,-34.6850061507577,-34.6173369613664,-34.5478840962852,-34.4766561176769,-34.4036619953429,-34.3289111045119,-34.2524132235268,-34.1741785314301,-34.0942176054476,-34.012541418373,-33.9291613358521,-33.8440891135685,-33.7573368943309,-33.668917205063,-33.578842953697,-33.4871274259703,-33.3937842821282,-33.2988275535318,-33.2022716391723,-33.1041313020928,-33.0044216657192,-32.9031582100993,-32.8003567680527,-32.696033521232,-32.5902049960958,-32.4828880597958,-32.3740999159765,-32.2638581004921,-32.1521804770385,-32.0390852327035,-31.9245908734349,-31.8087162194292,-31.6914804004407,-31.5729028510129,-31.4530033056329,-31.3318017938109,-31.2093186350848,-31.0855744339527,-30.9605900747327,-30.8343867163529,-30.7069857870727,-30.5784089791353,-30.4486782433547,-30.3178157836373,-30.1858440514401,-30.0527857401661,-29.9186637794998,-29.7835013296822,-29.6473217757286,-29.5101487215898,-29.3720059842579,-29.2329175878191,-29.0929077574539,-28.9520009133871,-28.8102216647889,-28.6675948036281,-28.5241452984799,-28.3798982882891,-28.2348790760902,-28.0891131226872,-27.9426260402928,-27.7954435861301,-27.6475916559981,-27.499096277802,-27.3499836050508,-27.2002799103229,-27.0500115787026,-26.8992051011876,-26.7478870680706,-26.5960841622958,-26.4438231527922,-26.2911308877858,-26.1380342880911,-25.9845603403857,-25.8307360904675,-25.6765886364974,-25.5221451222298,-25.3674327302305,-25.212478675086,-25.0573101966045,-24.9019545530109,-24.7464390141372,-24.5907908546105,-24.4350373470394,-24.2792057552019,-24.123323327235,-23.9674172888291,-23.8115148364276,-23.6556431304347,-23.499829288432,-23.3441003784066,-23.1884834119915,-23.0330053377205,-22.8776930342995,-22.7225733038954,-22.5676728654444,-22.4130183479817,-22.2586362839942,-22.1045531027974,-21.9507951239389,-21.7973885506293,-21.6443594632036,-21.4917338126126,-21.339537413948,-21.1877959400017,-21.0365349148615,-20.8857797075436,-20.7355555256658,-20.5858874091605,-20.4368002240306,-20.2883186561498,-20.140467205108,-19.9932701781042,-19.8467516838882,-19.7009356267524,-19.5558457005755,-19.4115053829193,-19.2679379291806,-19.1251663667994,-18.983213489524,-18.8421018517363,-18.7018537628372,-18.5624912816942,-18.4240362111517,-18.2865100926074,-18.1499342006539,-18.0143295377876,-17.8797168291877,-17.7461165175639,-17.6135487580767,-17.4820334133295,-17.3515900484357,-17.2222379261604
g3,-4.74174386798878,-4.81709012508228,-4.89122079603325,-4.96411717406768,-5.0357608638837,-5.10613378629361,-5.17521818278614,-5.24299662000778,-5.30945199416206,-5.37456753532568,-5.43832681168043,-5.50071373365953,-5.5617125580081,-5.62130789175576,-5.67948469610109,-5.73622829020662,-5.79152435490354,-5.84535893630513,-5.89771844932796,-5.94858968112013,-5.99795979439547,-6.04581633067304,-6.09214721342098,-6.13694075110407,-6.18018564013392,-6.22187096772163,-6.26198621463145,-6.30052125783539,-6.3374663730677,-6.37281223727879,-6.40654993098788,-6.43867094053384,-6.46916716022361,-6.49803089437761,-6.52525485927178,-6.5508321849756,-6.57475641708571,-6.59702151835466,-6.61762187021443,-6.63655227419424,-6.65380795323239,-6.66938455288174,-6.68327814240855,-6.6954852157844,-6.70600269257091,-6.71482791869713,-6.72195866712924,-6.72739313843257,-6.73112996122568,-6.73316819252642,-6.73350731798989,-6.73214725203825,-6.72908833788228,-6.72433134743481,-6.71787748111592,-6.70972836754998,-6.69988606315474,-6.68835305162232,-6.6751322432925,-6.66022697441828,-6.64364100632399,-6.62537852445612,-6.60544413732715,-6.58384287535255,-6.56058018958142,-6.53566195032086,-6.50909444565468,-6.48088437985654,-6.45103887169818,-6.41956545265302,-6.38647206499555,-6.35176705979713,-6.31545919481865,-6.27755763230044,-6.23807193665028,-6.19701207202976,-6.15438839983988,-6.11021167610637,-6.06449304876538,-6.01724405485035,-5.96847661758064,-5.9182030433527,-5.86643601863469,-5.81318860676486,-5.75847424465519,-5.70230673940056,-5.64470026479454,-5.58566935775266,-5.525228914644,-5.46339418753226,-5.40018078032671,-5.33560464484469,-5.26968207678618,-5.20242971162159,-5.1338645203938,-5.06400380543559,-4.99286519600338,-4.92046664382852,-4.8468264185872,-4.77196310329011,-4.69589558959308,-4.61864307302969,-4.54022504816754,-4.46066130368853,-4.37997191739536,-4.29817725114497,-4.21529794571018,-4.13135491557087,-4.04636934363671,-3.96036267590114,-3.87335661602982,-3.78537311988363,-3.6964343899782,-3.606562869881,-3.51578123854804,-3.42411240460047,-3.33157950054389,-3.23820587693081,-3.14401509646816,-3.04903092807132,-2.95327734086602,-2.85677849813976,-2.7595587512443,-2.66164263345055,-2.56305485375769,-2.46382029065787,-2.36396398585807,-2.26351113796113,-2.1624870961066,-2.060917353574,-1.95882754134977,-1.8562434216592,-1.75319088146539,-1.64969592593673,-1.54578467188449,-1.44148334117235,-1.33681825409927,-1.23181582275764,-1.12650254436823,-1.02090499459362,-0.915049820831908,-0.808963735492235,-0.702673509253988,-0.596205964311219,-0.489587967604089,-0.382846424039114,-0.276008269699642,-0.169100465048648,-0.0621499881252441,0.0448161722631371,0.151771023351395,0.258687575228304,0.365538847647374,0.47229787683532,0.578937722296301,0.685431473610331,0.791752257224081,0.897873243232388,1.00376765214875,1.10940876166305,1.21476991338499,1.31982451957119,1.42454606983465,1.52890813783455,1.63288438794496,1.73644858190056,1.83957458541782,1.94223637479001,2.04440804345417,2.14606380852866,2.2471780173194,2.34772515379329,2.44767984501719,2.54701686756069,2.64571115386122,2.74373779854985,2.84107206473609,2.93768939025024,3.03356539384159,3.128675881331,3.22299685171629,3.31650450322885,3.40917523933998,3.50098567471544,3.59191264111671,3.68193319324747,3.77102461454379,3.85916442290666,3.94633037637531,4.03250047873992,4.11765298509232,4.20176640731333,4.28481951949524,4.36679136329812,4.44766125323868,4.52740878191014,4.6060138251321,4.68345654702877,4.75971740503462,4.83477715482582,4.90861685517659
