time_elapsed,pos1,pos2,pos3,vel1,vel2,vel3,torque1,torque2,torque3
0.009,0.000177,-0.001476,0.007818,0.000497,0.000117,0.029515,0.000016,-31.873671,0.035640
0.019,0.000182,-0.001475,0.008121,0.000510,0.000116,0.030291,0.000016,-31.873671,0.035640
0.029,0.000187,-0.001474,0.008432,0.000524,0.000114,0.031086,0.000016,-31.873671,0.035640
0.039,0.000193,-0.001473,0.008748,0.000532,0.000063,0.031599,0.000000,-31.939790,-0.000000
0.049,0.000198,-0.001473,0.009070,0.000508,0.000013,0.032133,-0.021445,-31.939501,0.000367
0.059,0.000202,-0.001474,0.009396,0.000452,-0.000038,0.032689,-0.042729,-31.939213,0.000732
0.069,0.000206,-0.001475,0.009729,0.000364,-0.000089,0.033267,-0.063852,-31.938928,0.001093
0.079,0.000208,-0.001476,0.010068,0.000245,-0.000140,0.033866,-0.084815,-31.938644,0.001452
0.089,0.000209,-0.001478,0.010413,0.000094,-0.000190,0.034488,-0.105618,-31.938363,0.001809
0.099,0.000208,-0.001480,0.010764,-0.000088,-0.000241,0.035133,-0.126262,-31.938084,0.002162
0.109,0.000205,-0.001483,0.011122,-0.000300,-0.000292,0.035801,-0.146747,-31.937808,0.002513
0.119,0.000200,-0.001487,0.011487,-0.000543,-0.000343,0.036493,-0.167073,-31.937533,0.002861
0.129,0.000192,-0.001491,0.011859,-0.000815,-0.000394,0.037209,-0.187241,-31.937261,0.003206
0.139,0.000181,-0.001495,0.012239,-0.001118,-0.000445,0.037949,-0.207251,-31.936990,0.003548
0.149,0.000166,-0.001500,0.012626,-0.001451,-0.000496,0.038714,-0.227104,-31.936723,0.003888
0.159,0.000148,-0.001505,0.013021,-0.001813,-0.000547,0.039505,-0.246800,-31.936457,0.004225
0.169,0.000126,-0.001511,0.013424,-0.002204,-0.000598,0.040322,-0.266339,-31.936193,0.004559
0.179,0.000100,-0.001518,0.013836,-0.002624,-0.000650,0.041165,-0.285722,-31.935932,0.004890
0.189,0.000069,-0.001525,0.014256,-0.003073,-0.000701,0.042036,-0.304949,-31.935673,0.005218
0.199,0.000033,-0.001532,0.014685,-0.003551,-0.000752,0.042934,-0.324021,-31.935416,0.005544
0.209,-0.000007,-0.001541,0.015124,-0.004056,-0.000804,0.043860,-0.342937,-31.935162,0.005866
0.219,-0.000053,-0.001549,0.015572,-0.004590,-0.000855,0.044814,-0.361700,-31.934910,0.006186
0.229,-0.000105,-0.001558,0.016030,-0.005151,-0.000907,0.045798,-0.380308,-31.934660,0.006503
0.239,-0.000162,-0.001568,0.016498,-0.005740,-0.000959,0.046812,-0.398762,-31.934413,0.006817
0.249,-0.000226,-0.001578,0.016977,-0.006356,-0.001010,0.047857,-0.417063,-31.934168,0.007128
0.259,-0.000296,-0.001588,0.017466,-0.006999,-0.001062,0.048932,-0.435211,-31.933925,0.007436
0.269,-0.000372,-0.001600,0.017966,-0.007668,-0.001114,0.050040,-0.453206,-31.933685,0.007741
0.279,-0.000456,-0.001611,0.018478,-0.008365,-0.001166,0.051180,-0.471049,-31.933448,0.008043
0.289,-0.000547,-0.001623,0.019002,-0.009087,-0.001218,0.052354,-0.488741,-31.933213,0.008342
0.299,-0.000645,-0.001636,0.019537,-0.009835,-0.001270,0.053562,-0.506281,-31.932980,0.008638
0.309,-0.000751,-0.001649,0.020085,-0.010609,-0.001323,0.054804,-0.523670,-31.932750,0.008931
0.319,-0.000865,-0.001663,0.020646,-0.011409,-0.001375,0.056082,-0.540908,-31.932522,0.009220
0.329,-0.000988,-0.001677,0.021220,-0.012234,-0.001428,0.057397,-0.557997,-31.932297,0.009507
0.339,-0.001118,-0.001692,0.021808,-0.013083,-0.001480,0.058749,-0.574935,-31.932075,0.009790
0.349,-0.001258,-0.001708,0.022409,-0.013958,-0.001533,0.060140,-0.591725,-31.931855,0.010070
0.359,-0.001407,-0.001723,0.023025,-0.014857,-0.001586,0.061569,-0.608365,-31.931638,0.010347
0.369,-0.001564,-0.001740,0.023655,-0.015780,-0.001639,0.063039,-0.624857,-31.931424,0.010621
0.379,-0.001732,-0.001757,0.024301,-0.016727,-0.001692,0.064549,-0.641201,-31.931213,0.010891
0.389,-0.001909,-0.001774,0.024962,-0.017698,-0.001746,0.066101,-0.657397,-31.931004,0.011158
0.399,-0.002096,-0.001792,0.025639,-0.018692,-0.001799,0.067697,-0.673446,-31.930798,0.011421
0.409,-0.002293,-0.001811,0.026332,-0.019710,-0.001853,0.069336,-0.689348,-31.930595,0.011681
0.419,-0.002500,-0.001830,0.027042,-0.020750,-0.001907,0.071020,-0.705103,-31.930395,0.011938
0.429,-0.002718,-0.001849,0.027770,-0.021814,-0.001961,0.072751,-0.720712,-31.930198,0.012191
0.439,-0.002947,-0.001869,0.028515,-0.022900,-0.002015,0.074529,-0.736176,-31.930004,0.012441
0.449,-0.003187,-0.001890,0.029279,-0.024008,-0.002070,0.076355,-0.751494,-31.929813,0.012687
0.459,-0.003439,-0.001911,0.030061,-0.025138,-0.002125,0.078231,-0.766667,-31.929624,0.012930
0.469,-0.003702,-0.001933,0.030862,-0.026290,-0.002180,0.080158,-0.781696,-31.929439,0.013168
0.479,-0.003976,-0.001956,0.031684,-0.027463,-0.002235,0.082136,-0.796581,-31.929257,0.013404
0.489,-0.004263,-0.001978,0.032526,-0.028657,-0.002291,0.084169,-0.811322,-31.929079,0.013635
0.500,-0.004562,-0.002002,0.033388,-0.029873,-0.002346,0.086255,-0.825920,-31.928903,0.013863
0.509,-0.004873,-0.002026,0.034272,-0.031109,-0.002403,0.088398,-0.840375,-31.928731,0.014087
0.519,-0.005196,-0.002051,0.035178,-0.032366,-0.002459,0.090599,-0.854687,-31.928562,0.014307
0.529,-0.005533,-0.002076,0.036107,-0.033643,-0.002516,0.092858,-0.868857,-31.928396,0.014523
0.539,-0.005882,-0.002101,0.037058,-0.034940,-0.002573,0.095178,-0.882886,-31.928234,0.014736
0.549,-0.006245,-0.002128,0.038034,-0.036256,-0.002631,0.097560,-0.896774,-31.928075,0.014944
0.559,-0.006621,-0.002155,0.039034,-0.037593,-0.002689,0.100005,-0.910520,-31.927919,0.015148
0.569,-0.007010,-0.002182,0.040059,-0.038948,-0.002747,0.102515,-0.924126,-31.927767,0.015349
0.579,-0.007413,-0.002210,0.041110,-0.040322,-0.002806,0.105093,-0.937592,-31.927618,0.015545
0.589,-0.007830,-0.002239,0.042188,-0.041715,-0.002865,0.107738,-0.950919,-31.927473,0.015738
0.599,-0.008262,-0.002268,0.043292,-0.043126,-0.002925,0.110454,-0.964106,-31.927332,0.015926
0.609,-0.008707,-0.002298,0.044424,-0.044556,-0.002985,0.113241,-0.977154,-31.927194,0.016110
0.619,-0.009167,-0.002328,0.045585,-0.046004,-0.003046,0.116103,-0.990064,-31.927060,0.016289
0.629,-0.009642,-0.002359,0.046776,-0.047469,-0.003108,0.119040,-1.002836,-31.926930,0.016465
0.639,-0.010132,-0.002391,0.047996,-0.048951,-0.003170,0.122055,-1.015470,-31.926803,0.016636
0.649,-0.010636,-0.002423,0.049248,-0.050451,-0.003233,0.125150,-1.027967,-31.926680,0.016803
0.659,-0.011156,-0.002456,0.050531,-0.051968,-0.003296,0.128326,-1.040328,-31.926561,0.016966
0.669,-0.011691,-0.002490,0.051847,-0.053501,-0.003360,0.131586,-1.052551,-31.926446,0.017124
0.679,-0.012241,-0.002524,0.053196,-0.055050,-0.003425,0.134932,-1.064639,-31.926334,0.017277
0.689,-0.012807,-0.002559,0.054580,-0.056616,-0.003491,0.138366,-1.076591,-31.926227,0.017426
0.699,-0.013389,-0.002595,0.055999,-0.058197,-0.003557,0.141890,-1.088408,-31.926124,0.017571
0.709,-0.013987,-0.002631,0.057454,-0.059794,-0.003625,0.145508,-1.100090,-31.926024,0.017711
0.719,-0.014601,-0.002668,0.058946,-0.061407,-0.003693,0.149220,-1.111638,-31.925929,0.017847
0.729,-0.015232,-0.002706,0.060477,-0.063034,-0.003763,0.153030,-1.123052,-31.925838,0.017977
0.739,-0.015879,-0.002744,0.062046,-0.064676,-0.003833,0.156941,-1.134332,-31.925751,0.018104
0.749,-0.016542,-0.002783,0.063655,-0.066333,-0.003905,0.160954,-1.145479,-31.925668,0.018225
0.759,-0.017222,-0.002823,0.065306,-0.068003,-0.003977,0.165072,-1.156493,-31.925590,0.018342
0.769,-0.017919,-0.002863,0.066999,-0.069688,-0.004051,0.169299,-1.167375,-31.925515,0.018453
0.779,-0.018633,-0.002905,0.068736,-0.071386,-0.004126,0.173637,-1.178125,-31.925445,0.018561
0.789,-0.019364,-0.002947,0.070516,-0.073098,-0.004203,0.178089,-1.188743,-31.925379,0.018663
0.799,-0.020112,-0.002989,0.072343,-0.074823,-0.004281,0.182657,-1.199230,-31.925318,0.018760
0.809,-0.020877,-0.003033,0.074216,-0.076560,-0.004360,0.187345,-1.209587,-31.925261,0.018852
0.820,-0.021661,-0.003077,0.076138,-0.078311,-0.004441,0.192157,-1.219812,-31.925209,0.018940
0.829,-0.022461,-0.003123,0.078109,-0.080073,-0.004524,0.197094,-1.229908,-31.925161,0.019022
0.839,-0.023280,-0.003169,0.080131,-0.081847,-0.004608,0.202162,-1.239875,-31.925117,0.019099
0.849,-0.024116,-0.003216,0.082204,-0.083633,-0.004695,0.207362,-1.249712,-31.925078,0.019172
0.859,-0.024970,-0.003263,0.084331,-0.085431,-0.004783,0.212698,-1.259421,-31.925043,0.019239
0.869,-0.025843,-0.003312,0.086513,-0.087239,-0.004873,0.218175,-1.269001,-31.925014,0.019301
0.879,-0.026733,-0.003362,0.088751,-0.089058,-0.004966,0.223795,-1.278453,-31.924988,0.019357
0.889,-0.027642,-0.003412,0.091047,-0.090888,-0.005060,0.229562,-1.287778,-31.924968,0.019409
0.899,-0.028569,-0.003464,0.093401,-0.092728,-0.005158,0.235481,-1.296975,-31.924952,0.019455
0.909,-0.029515,-0.003517,0.095817,-0.094578,-0.005257,0.241555,-1.306046,-31.924941,0.019497
0.919,-0.030480,-0.003570,0.098295,-0.096437,-0.005360,0.247788,-1.314991,-31.924935,0.019532
0.929,-0.031463,-0.003625,0.100837,-0.098306,-0.005465,0.254185,-1.323809,-31.924933,0.019563
0.939,-0.032465,-0.003681,0.103444,-0.100184,-0.005573,0.260749,-1.332502,-31.924936,0.019588
0.949,-0.033485,-0.003737,0.106119,-0.102070,-0.005684,0.267486,-1.341070,-31.924945,0.019608
0.959,-0.034525,-0.003795,0.108863,-0.103965,-0.005798,0.274399,-1.349513,-31.924958,0.019622
0.969,-0.035584,-0.003855,0.111678,-0.105868,-0.005916,0.281494,-1.357832,-31.924976,0.019631
0.979,-0.036661,-0.003915,0.114566,-0.107779,-0.006038,0.288774,-1.366027,-31.924999,0.019634
0.989,-0.037758,-0.003977,0.117528,-0.109697,-0.006163,0.296246,-1.374099,-31.925026,0.019632
0.999,-0.038875,-0.004040,0.120567,-0.111622,-0.006293,0.303913,-1.382047,-31.925059,0.019625
1.009,-0.040010,-0.004104,0.123685,-0.113554,-0.006426,0.311782,-1.389873,-31.925097,0.019611
1.019,-0.041165,-0.004169,0.126884,-0.115492,-0.006564,0.319857,-1.397576,-31.925140,0.019593
1.029,-0.042339,-0.004236,0.130165,-0.117437,-0.006707,0.328144,-1.405158,-31.925188,0.019568
1.039,-0.043533,-0.004305,0.133532,-0.119388,-0.006855,0.336648,-1.412618,-31.925241,0.019538
1.049,-0.044747,-0.004375,0.136985,-0.121344,-0.007008,0.345375,-1.419957,-31.925299,0.019503
1.059,-0.045980,-0.004447,0.140529,-0.123305,-0.007166,0.354331,-1.427175,-31.925363,0.019462
1.069,-0.047232,-0.004520,0.144164,-0.125271,-0.007330,0.363522,-1.434273,-31.925431,0.019415
1.079,-0.048505,-0.004595,0.147893,-0.127241,-0.007500,0.372954,-1.441251,-31.925505,0.019362
1.089,-0.049797,-0.004672,0.151720,-0.129216,-0.007676,0.382634,-1.448110,-31.925584,0.019304
1.099,-0.051109,-0.004750,0.155645,-0.131194,-0.007860,0.392568,-1.454850,-31.925668,0.019239
1.109,-0.052441,-0.004831,0.159673,-0.133176,-0.008050,0.402762,-1.461470,-31.925758,0.019170
1.119,-0.053792,-0.004913,0.163805,-0.135161,-0.008247,0.413223,-1.467973,-31.925852,0.019094
1.129,-0.055164,-0.004998,0.168045,-0.137149,-0.008453,0.423959,-1.474358,-31.925952,0.019012
1.139,-0.056555,-0.005085,0.172395,-0.139139,-0.008666,0.434976,-1.480625,-31.926058,0.018925
1.149,-0.057967,-0.005173,0.176857,-0.141131,-0.008889,0.446283,-1.486776,-31.926168,0.018832
1.159,-0.059398,-0.005265,0.181436,-0.143125,-0.009120,0.457886,-1.492809,-31.926284,0.018733
1.169,-0.060849,-0.005358,0.186134,-0.145121,-0.009361,0.469793,-1.498727,-31.926405,0.018628
1.179,-0.062320,-0.005454,0.190954,-0.147117,-0.009611,0.482012,-1.504528,-31.926532,0.018518
1.189,-0.063811,-0.005553,0.195900,-0.149114,-0.009873,0.494552,-1.510215,-31.926664,0.018401
1.199,-0.065322,-0.005655,0.200974,-0.151112,-0.010145,0.507421,-1.515786,-31.926801,0.018278
1.209,-0.066854,-0.005759,0.206180,-0.153109,-0.010429,0.520626,-1.521242,-31.926944,0.018150
1.219,-0.068405,-0.005866,0.211522,-0.155106,-0.010726,0.534178,-1.526585,-31.927092,0.018016
1.229,-0.069976,-0.005976,0.217003,-0.157102,-0.011035,0.548085,-1.531813,-31.927246,0.017875
1.239,-0.071567,-0.006090,0.222626,-0.159097,-0.011357,0.562356,-1.536928,-31.927405,0.017729
1.249,-0.073177,-0.006207,0.228396,-0.161091,-0.011694,0.577001,-1.541930,-31.927569,0.017577
1.259,-0.074808,-0.006327,0.234317,-0.163083,-0.012046,0.592029,-1.546820,-31.927739,0.017419
1.269,-0.076459,-0.006452,0.240391,-0.165072,-0.012413,0.607450,-1.551597,-31.927915,0.017255
1.279,-0.078130,-0.006580,0.246624,-0.167060,-0.012797,0.623275,-1.556263,-31.928096,0.017085
1.289,-0.079820,-0.006712,0.253019,-0.169044,-0.013198,0.639513,-1.560817,-31.928282,0.016909
1.299,-0.081530,-0.006848,0.259581,-0.171025,-0.013618,0.656176,-1.565260,-31.928474,0.016727
1.309,-0.083260,-0.006988,0.266314,-0.173002,-0.014056,0.673274,-1.569592,-31.928671,0.016539
1.319,-0.085010,-0.007133,0.273222,-0.174976,-0.014514,0.690818,-1.573815,-31.928874,0.016345
1.329,-0.086780,-0.007283,0.280310,-0.176946,-0.014994,0.708820,-1.577927,-31.929082,0.016145
1.339,-0.088569,-0.007438,0.287583,-0.178911,-0.015495,0.727292,-1.581930,-31.929296,0.015939
1.349,-0.090377,-0.007598,0.295045,-0.180871,-0.016019,0.746244,-1.585824,-31.929515,0.015727
1.359,-0.092206,-0.007764,0.302702,-0.182826,-0.016568,0.765690,-1.589610,-31.929740,0.015510
1.369,-0.094053,-0.007936,0.310559,-0.184775,-0.017142,0.785642,-1.593287,-31.929970,0.015286
1.379,-0.095921,-0.008113,0.318620,-0.186719,-0.017742,0.806112,-1.596857,-31.930206,0.015056
1.389,-0.097807,-0.008297,0.326891,-0.188657,-0.018371,0.827114,-1.600319,-31.930447,0.014820
1.399,-0.099713,-0.008487,0.335378,-0.190589,-0.019028,0.848660,-1.603675,-31.930694,0.014578
1.409,-0.101638,-0.008684,0.344085,-0.192514,-0.019716,0.870764,-1.606924,-31.930946,0.014331
1.419,-0.103583,-0.008889,0.353020,-0.194433,-0.020437,0.893440,-1.610066,-31.931204,0.014077
1.429,-0.105546,-0.009100,0.362187,-0.196345,-0.021190,0.916702,-1.613103,-31.931467,0.013817
1.439,-0.107528,-0.009320,0.371592,-0.198250,-0.021979,0.940563,-1.616035,-31.931736,0.013552
1.449,-0.109530,-0.009548,0.381243,-0.200147,-0.022805,0.965039,-1.618861,-31.932010,0.013280
1.459,-0.111550,-0.009785,0.391144,-0.202038,-0.023669,0.990144,-1.621584,-31.932289,0.013003
1.469,-0.113590,-0.010031,0.401303,-0.203921,-0.024573,1.015893,-1.624202,-31.932574,0.012719
1.479,-0.115647,-0.010286,0.411726,-0.205796,-0.025519,1.042301,-1.626716,-31.932865,0.012430
1.489,-0.117724,-0.010551,0.422420,-0.207664,-0.026508,1.069383,-1.629127,-31.933161,0.012135
1.499,-0.119819,-0.010826,0.433391,-0.209525,-0.027544,1.097156,-1.631435,-31.933462,0.011833
1.509,-0.121933,-0.011113,0.444648,-0.211378,-0.028627,1.125635,-1.633640,-31.933769,0.011526
1.519,-0.124065,-0.011410,0.456196,-0.213224,-0.029759,1.154836,-1.635744,-31.934081,0.011214
1.529,-0.126216,-0.011720,0.468044,-0.215063,-0.030944,1.184775,-1.637745,-31.934398,0.010895
1.539,-0.128385,-0.012042,0.480199,-0.216895,-0.032182,1.215468,-1.639646,-31.934721,0.010570
1.549,-0.130572,-0.012376,0.492668,-0.218720,-0.033477,1.246932,-1.641445,-31.935049,0.010240
1.559,-0.132778,-0.012725,0.505460,-0.220538,-0.034830,1.279183,-1.643144,-31.935383,0.009904
1.569,-0.135001,-0.013087,0.518582,-0.222351,-0.036244,1.312238,-1.644743,-31.935722,0.009562
1.579,-0.137243,-0.013464,0.532043,-0.224158,-0.037720,1.346113,-1.646242,-31.936066,0.009214
1.589,-0.139502,-0.013857,0.545851,-0.225960,-0.039262,1.380826,-1.647642,-31.936415,0.008861
1.599,-0.141780,-0.014266,0.560015,-0.227757,-0.040872,1.416391,-1.648943,-31.936770,0.008502
1.609,-0.144075,-0.014691,0.574544,-0.229551,-0.042552,1.452827,-1.650146,-31.937130,0.008137
1.620,-0.146389,-0.015134,0.589445,-0.231342,-0.044305,1.490149,-1.651250,-31.937495,0.007766
1.629,-0.148720,-0.015595,0.604729,-0.233130,-0.046133,1.528373,-1.652257,-31.937866,0.007390
1.639,-0.151069,-0.016076,0.620404,-0.234918,-0.048038,1.567516,-1.653167,-31.938241,0.007008
1.649,-0.153436,-0.016576,0.636480,-0.236705,-0.050023,1.607592,-1.653979,-31.938622,0.006621
1.659,-0.155821,-0.017097,0.652966,-0.238494,-0.052090,1.648618,-1.654695,-31.939008,0.006228
1.669,-0.155821,-0.017097,0.652966,-0.238494,-0.052090,1.648618,-1.654695,-31.939008,0.006228
1.679,-0.160645,-0.018204,0.687208,-0.242081,-0.056480,1.733573,-1.655840,-31.939795,0.005425
1.689,-0.163084,-0.018792,0.704983,-0.243881,-0.058807,1.777531,-1.656269,-31.940196,0.005015
1.699,-0.165541,-0.019405,0.723208,-0.245690,-0.061225,1.822494,-1.656604,-31.940603,0.004600
1.710,-0.168016,-0.020042,0.741893,-0.247507,-0.063736,1.868472,-1.656844,-31.941014,0.004180
1.719,-0.170509,-0.020705,0.761048,-0.249336,-0.066341,1.915477,-1.656989,-31.941430,0.003754
1.729,-0.173021,-0.021396,0.780683,-0.251179,-0.069042,1.963518,-1.657042,-31.941851,0.003322
1.739,-0.173021,-0.021396,0.780683,-0.251179,-0.069042,1.963518,-1.657042,-31.941851,0.003322
1.749,-0.175552,-0.022094,0.800683,-0.253163,-0.069827,2.000000,-1.657001,-31.942277,-1.028466
1.759,-0.178108,-0.022741,0.820683,-0.255527,-0.064691,2.000000,-1.656867,-31.942708,-4.092589
1.769,-0.180687,-0.023335,0.840683,-0.257897,-0.059424,2.000000,-1.656641,-31.943144,-4.166504
1.779,-0.183289,-0.023875,0.860683,-0.260275,-0.054030,2.000000,-1.656323,-31.943585,-4.239017
1.789,-0.185916,-0.024361,0.880683,-0.262661,-0.048510,2.000000,-1.655913,-31.944031,-4.310095
1.799,-0.188567,-0.024789,0.900683,-0.265055,-0.042865,2.000000,-1.655412,-31.944481,-4.379705
1.809,-0.191241,-0.025160,0.920683,-0.267458,-0.037097,2.000000,-1.654820,-31.944936,-4.447811
1.819,-0.193940,-0.025472,0.940683,-0.269869,-0.031209,2.000000,-1.654137,-31.945396,-4.514379
1.829,-0.196663,-0.025724,0.960683,-0.272290,-0.025202,2.000000,-1.653365,-31.945860,-4.579375
1.839,-0.199410,-0.025915,0.980683,-0.274720,-0.019078,2.000000,-1.652503,-31.946330,-4.642762
1.849,-0.202182,-0.026043,1.000683,-0.277161,-0.012839,2.000000,-1.651552,-31.946803,-4.704504
1.859,-0.204978,-0.026108,1.020683,-0.279613,-0.006488,2.000000,-1.650512,-31.947282,-4.764567
1.869,-0.207798,-0.026109,1.040683,-0.282076,-0.000025,2.000000,-1.649384,-31.947764,-4.822913
1.879,-0.210644,-0.026043,1.060683,-0.284551,0.006547,2.000000,-1.648168,-31.948252,-4.879505
1.889,-0.213514,-0.025911,1.080683,-0.287037,0.013225,2.000000,-1.646864,-31.948744,-4.934306
1.899,-0.216410,-0.025711,1.100683,-0.289537,0.020007,2.000000,-1.645473,-31.949240,-4.987280
1.909,-0.219330,-0.025442,1.120683,-0.292050,0.026893,2.000000,-1.643995,-31.949740,-5.038387
1.919,-0.222276,-0.025103,1.140683,-0.294576,0.033878,2.000000,-1.642431,-31.950245,-5.087591
1.929,-0.225247,-0.024693,1.160683,-0.297117,0.040961,2.000000,-1.640781,-31.950754,-5.134854
1.939,-0.228244,-0.024212,1.180683,-0.299673,0.048139,2.000000,-1.639045,-31.951268,-5.180137
1.949,-0.231266,-0.023658,1.200683,-0.302245,0.055410,2.000000,-1.637224,-31.951785,-5.223402
1.959,-0.234315,-0.023030,1.220683,-0.304832,0.062772,2.000000,-1.635318,-31.952307,-5.264610
1.969,-0.237389,-0.022328,1.240683,-0.307437,0.070223,2.000000,-1.633329,-31.952833,-5.303723
1.979,-0.240490,-0.021550,1.260683,-0.310058,0.077758,2.000000,-1.631255,-31.953363,-5.340704
1.989,-0.243617,-0.020697,1.280683,-0.312698,0.085377,2.000000,-1.629097,-31.953897,-5.375512
1.999,-0.246770,-0.019766,1.300683,-0.315356,0.093076,2.000000,-1.626857,-31.954435,-5.408111
2.009,-0.249950,-0.018757,1.320683,-0.318033,0.100853,2.000000,-1.624533,-31.954977,-5.438461
2.019,-0.253158,-0.017670,1.340683,-0.320729,0.108704,2.000000,-1.622127,-31.955523,-5.466525
2.029,-0.256392,-0.016504,1.360683,-0.323447,0.116628,2.000000,-1.619640,-31.956073,-5.492265
2.039,-0.259654,-0.015258,1.380683,-0.326185,0.124620,2.000000,-1.617071,-31.956627,-5.515644
2.049,-0.262944,-0.013931,1.400683,-0.328944,0.132679,2.000000,-1.614420,-31.957184,-5.536624
2.059,-0.266261,-0.012523,1.420683,-0.331726,0.140800,2.000000,-1.611689,-31.957745,-5.555168
2.069,-0.269606,-0.011033,1.440683,-0.334531,0.148982,2.000000,-1.608878,-31.958310,-5.571241
2.079,-0.272980,-0.009461,1.460683,-0.337360,0.157220,2.000000,-1.605987,-31.958878,-5.584806
2.089,-0.276382,-0.007806,1.480683,-0.340212,0.165512,2.000000,-1.603016,-31.959450,-5.595828
2.099,-0.279813,-0.006067,1.500683,-0.343089,0.173854,2.000000,-1.599966,-31.960025,-5.604273
2.109,-0.283273,-0.004245,1.520683,-0.345992,0.182243,2.000000,-1.596838,-31.960604,-5.610106
2.119,-0.286762,-0.002338,1.540683,-0.348920,0.190675,2.000000,-1.593631,-31.961186,-5.613295
2.129,-0.290281,-0.000347,1.560683,-0.351875,0.199147,2.000000,-1.590346,-31.961771,-5.613808
2.139,-0.293829,0.001730,1.580683,-0.354858,0.207655,2.000000,-1.586984,-31.962360,-5.611613
2.149,-0.297408,0.003892,1.600683,-0.357868,0.216196,2.000000,-1.583545,-31.962952,-5.606679
2.159,-0.301017,0.006139,1.620683,-0.360906,0.224765,2.000000,-1.580029,-31.963548,-5.598978
2.169,-0.304657,0.008473,1.640683,-0.363973,0.233360,2.000000,-1.576436,-31.964146,-5.588482
2.179,-0.308327,0.010893,1.660683,-0.367069,0.241975,2.000000,-1.572768,-31.964747,-5.575163
2.189,-0.312029,0.013399,1.680683,-0.370196,0.250607,2.000000,-1.569025,-31.965352,-5.558997
2.199,-0.315763,0.015991,1.700683,-0.373352,0.259251,2.000000,-1.565206,-31.965959,-5.539959
2.209,-0.319528,0.018670,1.720683,-0.376540,0.267905,2.000000,-1.561312,-31.966570,-5.518027
2.219,-0.323326,0.021436,1.740683,-0.379759,0.276562,2.000000,-1.557345,-31.967183,-5.493179
2.229,-0.327156,0.024288,1.760683,-0.383009,0.285220,2.000000,-1.553303,-31.967799,-5.465397
2.239,-0.331019,0.027227,1.780683,-0.386292,0.293873,2.000000,-1.549188,-31.968418,-5.434662
2.249,-0.334915,0.030252,1.800683,-0.389607,0.302517,2.000000,-1.545000,-31.969039,-5.400959
2.259,-0.338844,0.033364,1.820683,-0.392955,0.311148,2.000000,-1.540740,-31.969663,-5.364275
2.269,-0.342808,0.036561,1.840683,-0.396335,0.319760,2.000000,-1.536407,-31.970290,-5.324596
2.279,-0.346805,0.039845,1.860683,-0.399749,0.328349,2.000000,-1.532002,-31.970919,-5.281915
2.289,-0.350837,0.043214,1.880683,-0.403197,0.336910,2.000000,-1.527526,-31.971551,-5.236222
2.299,-0.354904,0.046668,1.900683,-0.406678,0.345438,2.000000,-1.522979,-31.972185,-5.187513
2.309,-0.359006,0.050207,1.920683,-0.410193,0.353929,2.000000,-1.518361,-31.972821,-5.135785
2.319,-0.363143,0.053831,1.940683,-0.413742,0.362376,2.000000,-1.513673,-31.973460,-5.081037
2.329,-0.367317,0.057539,1.960683,-0.417325,0.370775,2.000000,-1.508915,-31.974100,-5.023271
2.339,-0.371526,0.061330,1.980683,-0.420941,0.379121,2.000000,-1.504088,-31.974743,-4.962492
2.349,-0.375772,0.065204,2.000683,-0.424592,0.387408,2.000000,-1.499191,-31.975389,-4.898707
2.359,-0.380055,0.069161,2.020683,-0.428275,0.395631,2.000000,-1.494226,-31.976036,-4.831927
2.369,-0.384375,0.073198,2.040683,-0.431993,0.403784,2.000000,-1.489193,-31.976685,-4.762163
2.379,-0.388732,0.077317,2.060683,-0.435743,0.411862,2.000000,-1.484092,-31.977336,-4.689432
2.389,-0.393127,0.081516,2.080683,-0.439526,0.419859,2.000000,-1.478924,-31.977988,-4.613752
2.399,-0.397561,0.085793,2.100683,-0.443341,0.427770,2.000000,-1.473688,-31.978643,-4.535145
2.409,-0.402033,0.090149,2.120683,-0.447188,0.435588,2.000000,-1.468386,-31.979299,-4.453635
2.419,-0.406543,0.094582,2.140683,-0.451067,0.443308,2.000000,-1.463018,-31.979957,-4.369251
2.429,-0.411093,0.099092,2.160683,-0.454976,0.450924,2.000000,-1.457584,-31.980617,-4.282024
2.439,-0.415682,0.103676,2.180683,-0.458915,0.458430,2.000000,-1.452085,-31.981278,-4.191987
2.450,-0.420311,0.108334,2.200683,-0.462882,0.465821,2.000000,-1.446521,-31.981940,-4.099179
2.459,-0.424980,0.113065,2.220683,-0.466879,0.473089,2.000000,-1.440892,-31.982604,-4.003639
2.469,-0.429689,0.117867,2.240683,-0.470902,0.480230,2.000000,-1.435199,-31.983269,-3.905412
2.479,-0.434438,0.122740,2.260683,-0.474951,0.487237,2.000000,-1.429442,-31.983936,-3.804546
2.489,-0.439229,0.127681,2.280683,-0.479026,0.494103,2.000000,-1.423622,-31.984604,-3.701090
2.500,-0.444060,0.132689,2.300683,-0.483124,0.500824,2.000000,-1.417739,-31.985272,-3.595100
2.509,-0.448932,0.137763,2.320683,-0.487245,0.507391,2.000000,-1.411793,-31.985942,-3.486632
2.519,-0.453846,0.142901,2.340683,-0.491387,0.513800,2.000000,-1.405785,-31.986613,-3.375747
2.529,-0.458802,0.148101,2.360683,-0.495548,0.520045,2.000000,-1.399715,-31.987285,-3.262509
2.539,-0.463799,0.153362,2.380683,-0.499727,0.526118,2.000000,-1.393584,-31.987958,-3.146986
2.549,-0.468838,0.158683,2.400683,-0.503922,0.532014,2.000000,-1.387393,-31.988632,-3.029248
2.559,-0.473919,0.164060,2.420683,-0.508131,0.537726,2.000000,-1.381140,-31.989306,-2.909369
2.569,-0.479043,0.169492,2.440683,-0.512353,0.543249,2.000000,-1.374828,-31.989981,-2.787425
2.579,-0.484209,0.174978,2.460683,-0.516586,0.548575,2.000000,-1.368455,-31.990656,-2.663497
2.589,-0.489417,0.180515,2.480683,-0.520826,0.553700,2.000000,-1.362024,-31.991333,-2.537667
2.599,-0.494668,0.186101,2.500683,-0.525073,0.558617,2.000000,-1.355533,-31.992009,-2.410022
2.609,-0.499961,0.191734,2.520683,-0.529324,0.563319,2.000000,-1.348984,-31.992686,-2.280650
2.619,-0.505297,0.197412,2.540683,-0.533577,0.567801,2.000000,-1.342377,-31.993364,-2.149644
2.629,-0.510675,0.203133,2.560683,-0.537828,0.572057,2.000000,-1.335712,-31.994041,-2.017096
2.639,-0.516096,0.208894,2.580683,-0.542076,0.576081,2.000000,-1.328989,-31.994719,-1.883104
2.649,-0.521559,0.214692,2.600683,-0.546319,0.579867,2.000000,-1.322210,-31.995397,-1.747767
2.659,-0.527065,0.220527,2.620683,-0.550552,0.583409,2.000000,-1.315375,-31.996076,-1.611187
2.669,-0.532612,0.226394,2.640683,-0.554775,0.586702,2.000000,-1.308483,-31.996754,-1.473466
2.679,-0.538202,0.232291,2.660683,-0.558983,0.589740,2.000000,-1.301535,-31.997432,-1.334710
2.689,-0.543834,0.238216,2.680683,-0.563174,0.592517,2.000000,-1.294533,-31.998110,-1.195027
2.699,-0.549507,0.244166,2.700683,-0.567346,0.595028,2.000000,-1.287475,-31.998788,-1.054526
2.709,-0.555222,0.250139,2.720683,-0.571495,0.597268,2.000000,-1.280363,-31.999465,-0.913316
2.719,-0.560978,0.256131,2.740683,-0.575617,0.599232,2.000000,-1.273197,-32.000142,-0.771510
2.729,-0.566776,0.262141,2.760683,-0.579712,0.600914,2.000000,-1.265977,-32.000819,-0.629221
2.739,-0.572613,0.268164,2.780683,-0.583774,0.602311,2.000000,-1.258704,-32.001496,-0.486562
2.749,-0.578491,0.274198,2.800683,-0.587802,0.603416,2.000000,-1.251378,-32.002172,-0.343647
2.759,-0.584409,0.280240,2.820683,-0.591792,0.604226,2.000000,-1.243999,-32.002847,-0.200592
2.769,-0.590367,0.286288,2.840682,-0.595740,0.604743,1.999956,-1.236569,-32.003522,-0.061240
2.779,-0.596363,0.292340,2.860665,-0.599627,0.605206,1.998221,-1.229086,-32.004196,-0.061955
2.789,-0.602397,0.298396,2.880613,-0.603450,0.605606,1.994807,-1.221553,-32.004869,-0.062670
2.799,-0.608469,0.304455,2.900510,-0.607205,0.605930,1.989728,-1.213968,-32.005541,-0.063383
2.809,-0.614578,0.310517,2.920340,-0.610889,0.606169,1.983002,-1.206334,-32.006212,-0.064096
2.819,-0.620723,0.316580,2.940086,-0.614500,0.606311,1.974646,-1.198649,-32.006883,-0.064808
2.829,-0.626904,0.322643,2.959733,-0.618036,0.606347,1.964682,-1.190914,-32.007552,-0.065520
2.839,-0.633119,0.328706,2.979265,-0.621494,0.606265,1.953134,-1.183131,-32.008221,-0.066230
2.850,-0.639367,0.334766,2.998665,-0.624873,0.606055,1.940025,-1.175298,-32.008888,-0.066939
2.859,-0.645649,0.340824,3.017919,-0.628172,0.605707,1.925383,-1.167417,-32.009553,-0.067647
2.869,-0.651963,0.346876,3.037011,-0.631388,0.605210,1.909236,-1.159488,-32.010218,-0.068354
2.879,-0.658308,0.352921,3.055927,-0.634522,0.604556,1.891614,-1.151511,-32.010881,-0.069059
2.889,-0.664684,0.358959,3.074653,-0.637572,0.603733,1.872548,-1.143488,-32.011543,-0.069764
2.899,-0.671089,0.364986,3.093173,-0.640539,0.602734,1.852072,-1.135417,-32.012203,-0.070466
2.909,-0.677524,0.371001,3.111476,-0.643421,0.601549,1.830219,-1.127300,-32.012862,-0.071168
2.919,-0.683986,0.377003,3.129546,-0.646220,0.600171,1.807024,-1.119137,-32.013519,-0.071868
2.929,-0.690475,0.382989,3.147371,-0.648936,0.598591,1.782524,-1.110928,-32.014174,-0.072566
2.939,-0.696991,0.388957,3.164939,-0.651569,0.596802,1.756755,-1.102674,-32.014828,-0.073263
2.949,-0.703532,0.394905,3.182236,-0.654120,0.594797,1.729755,-1.094375,-32.015479,-0.073958
2.959,-0.710098,0.400831,3.199252,-0.656590,0.592569,1.701562,-1.086032,-32.016129,-0.074651
2.969,-0.716688,0.406732,3.215974,-0.658980,0.590114,1.672215,-1.077645,-32.016777,-0.075342
2.979,-0.723301,0.412606,3.232391,-0.661292,0.587425,1.641752,-1.069214,-32.017423,-0.076031
2.989,-0.729936,0.418451,3.248494,-0.663513,0.584497,1.610213,-1.052224,-32.018067,-0.076719
3.000,-0.736592,0.424264,3.264270,-0.665659,0.581327,1.577630,-1.043665,-32.019348,-0.078087
3.009,-0.743270,0.430043,3.279710,-0.667731,0.577910,1.544050,-1.035064,-32.019985,-0.078768
3.019,-0.749967,0.435786,3.294806,-0.669732,0.574245,1.509512,-1.026421,-32.020620,-0.079447
3.029,-0.756684,0.441489,3.309546,-0.671662,0.570327,1.474055,-1.017737,-32.021252,-0.080123
3.039,-0.763419,0.447151,3.323923,-0.673524,0.566156,1.437718,-1.009013,-32.021882,-0.080797
3.049,-0.770172,0.452768,3.337929,-0.675319,0.561729,1.400539,-1.000248,-32.022509,-0.081469
3.059,-0.776942,0.458338,3.351554,-0.677051,0.557047,1.362557,-0.991443,-32.023134,-0.082138
3.069,-0.783730,0.463859,3.364792,-0.678719,0.552107,1.323810,-0.982599,-32.023757,-0.082805
3.079,-0.790533,0.469329,3.377636,-0.680327,0.546911,1.284334,-0.973715,-32.024376,-0.083468
3.089,-0.797352,0.474743,3.390077,-0.681876,0.541459,1.244165,-0.964793,-32.024993,-0.084130
3.099,-0.804185,0.480101,3.402111,-0.683368,0.535751,1.203340,-0.955832,-32.025607,-0.084788
3.109,-0.811033,0.485399,3.413730,-0.684805,0.529790,1.161894,-0.946834,-32.026218,-0.085444
3.119,-0.817895,0.490634,3.424928,-0.686188,0.523577,1.119861,-0.937797,-32.026826,-0.086096
3.129,-0.824771,0.495805,3.435701,-0.687518,0.517114,1.077274,-0.928724,-32.027431,-0.086746
3.139,-0.831658,0.500910,3.446043,-0.688798,0.510404,1.034166,-0.919614,-32.028033,-0.087393
3.149,-0.838559,0.505944,3.455948,-0.690028,0.503451,0.990569,-0.910468,-32.028632,-0.088036
3.159,-0.845471,0.510907,3.465413,-0.691210,0.496257,0.946514,-0.901286,-32.029228,-0.088677
3.169,-0.852394,0.515795,3.474434,-0.692346,0.488826,0.902031,-0.892068,-32.029820,-0.089314
3.179,-0.859329,0.520606,3.483005,-0.693435,0.481162,0.857148,-0.882815,-32.030410,-0.089948
3.189,-0.866273,0.525339,3.491124,-0.694479,0.473270,0.811896,-0.873528,-32.030996,-0.090579
3.199,-0.873228,0.529991,3.498787,-0.695480,0.465154,0.766299,-0.864206,-32.031578,-0.091206
3.209,-0.880193,0.534559,3.505991,-0.696436,0.456820,0.720386,-0.854850,-32.032157,-0.091830
3.219,-0.887166,0.539042,3.512733,-0.697350,0.448271,0.674182,-0.845461,-32.032733,-0.092451
3.229,-0.894148,0.543437,3.519010,-0.698222,0.439514,0.627711,-0.836038,-32.033305,-0.093068
3.239,-0.901139,0.547742,3.524820,-0.699052,0.430554,0.580997,-0.826583,-32.033873,-0.093681
3.249,-0.908137,0.551956,3.530161,-0.699840,0.421397,0.534063,-0.817096,-32.034438,-0.094291
3.259,-0.915143,0.556077,3.535030,-0.700587,0.412049,0.486932,-0.807577,-32.034999,-0.094897
3.269,-0.922156,0.560102,3.539426,-0.701292,0.402515,0.439624,-0.798026,-32.035556,-0.095499
3.279,-0.929176,0.564030,3.543348,-0.701956,0.392804,0.392161,-0.788444,-32.036109,-0.096097
3.289,-0.936201,0.567859,3.546793,-0.702579,0.382920,0.344563,-0.778832,-32.036659,-0.096692
3.299,-0.943233,0.571588,3.549762,-0.703160,0.372870,0.296847,-0.769189,-32.037204,-0.097282
3.309,-0.950270,0.575214,3.552252,-0.703700,0.362662,0.249034,-0.759516,-32.037746,-0.097869
3.319,-0.957312,0.578737,3.554264,-0.704197,0.352302,0.201142,-0.749814,-32.038283,-0.098451
3.329,-0.964359,0.582155,3.555796,-0.704652,0.341797,0.153186,-0.740083,-32.038817,-0.099030
3.339,-0.971409,0.585467,3.556847,-0.705064,0.331155,0.105185,-0.730323,-32.039346,-0.099604
3.349,-0.978463,0.588671,3.557419,-0.705432,0.320382,0.057155,-0.720535,-32.039871,-0.100174
3.359,-0.985521,0.591766,3.557510,-0.705757,0.309486,0.009111,-0.710720,-32.040392,-0.100740
3.369,-0.992581,0.594750,3.557121,-0.706037,0.298474,-0.038930,-0.700876,-32.040908,-0.101301
3.379,-0.999644,0.597624,3.556251,-0.706271,0.287354,-0.086954,-0.691006,-32.041421,-0.101858
3.389,-1.006709,0.600385,3.554902,-0.706460,0.276134,-0.134946,-0.681109,-32.041928,-0.102411
3.399,-1.013775,0.603034,3.553073,-0.706602,0.264822,-0.182890,-0.671186,-32.042432,-0.102959
3.409,-1.020842,0.605568,3.550765,-0.706696,0.253424,-0.230773,-0.661237,-32.042931,-0.103503
3.419,-1.027909,0.607987,3.547979,-0.706743,0.241949,-0.278580,-0.651262,-32.043425,-0.104042
3.429,-1.034977,0.610291,3.544716,-0.706740,0.230405,-0.326297,-0.641263,-32.043915,-0.104577
3.439,-1.042043,0.612479,3.540977,-0.706688,0.218801,-0.373910,-0.631238,-32.044400,-0.105107
3.449,-1.049109,0.614551,3.536763,-0.706585,0.207143,-0.421404,-0.621190,-32.044881,-0.105632
3.459,-1.056174,0.616505,3.532076,-0.706431,0.195440,-0.468765,-0.611118,-32.045356,-0.106153
3.469,-1.063236,0.618342,3.526916,-0.706224,0.183700,-0.515978,-0.601022,-32.045827,-0.106668
3.479,-1.070295,0.620061,3.521285,-0.705965,0.171931,-0.563030,-0.590904,-32.046294,-0.107179
3.489,-1.077352,0.621663,3.515186,-0.705652,0.160142,-0.609904,-0.580763,-32.046755,-0.107685
3.499,-1.084405,0.623146,3.508621,-0.705285,0.148341,-0.656587,-0.570599,-32.047212,-0.108186
3.509,-1.091453,0.624512,3.501590,-0.704863,0.136535,-0.703062,-0.560414,-32.047663,-0.108682
3.519,-1.098497,0.625759,3.494097,-0.704385,0.124733,-0.749313,-0.550207,-32.048110,-0.109174
3.529,-1.105536,0.626888,3.486144,-0.703851,0.112944,-0.795325,-0.539980,-32.048552,-0.109660
3.539,-1.112568,0.627900,3.477733,-0.703260,0.101175,-0.841081,-0.529732,-32.048988,-0.110141
3.549,-1.119595,0.628794,3.468867,-0.702612,0.089434,-0.886564,-0.519463,-32.049420,-0.110617
3.559,-1.126614,0.629572,3.459550,-0.701906,0.077730,-0.931755,-0.509175,-32.049846,-0.111087
3.569,-1.133625,0.630232,3.449783,-0.701142,0.066070,-0.976637,-0.498868,-32.050268,-0.111553
3.579,-1.140628,0.630777,3.439571,-0.700319,0.054462,-1.021190,-0.488541,-32.050684,-0.112013
3.589,-1.147623,0.631206,3.428917,-0.699438,0.042914,-1.065395,-0.478196,-32.051095,-0.112468
3.599,-1.154608,0.631521,3.417825,-0.698499,0.031434,-1.109232,-0.467833,-32.051501,-0.112917
3.609,-1.161583,0.631721,3.406298,-0.697500,0.020029,-1.152679,-0.457452,-32.051901,-0.113362
3.619,-1.168547,0.631808,3.394341,-0.696443,0.008707,-1.195714,-0.447054,-32.052296,-0.113800
3.629,-1.175500,0.631783,3.381958,-0.695327,-0.002526,-1.238316,-0.436639,-32.052686,-0.114234
3.639,-1.182442,0.631646,3.369153,-0.694153,-0.013662,-1.280460,-0.426207,-32.053070,-0.114662
3.649,-1.189371,0.631399,3.355932,-0.692921,-0.024694,-1.322123,-0.415759,-32.053449,-0.115084
3.659,-1.196287,0.631043,3.342299,-0.691632,-0.035617,-1.363279,-0.405295,-32.053822,-0.115501
3.669,-1.203190,0.630579,3.328260,-0.690286,-0.046424,-1.403902,-0.394816,-32.054190,-0.115912
3.679,-1.210079,0.630008,3.313821,-0.688885,-0.057109,-1.443966,-0.384322,-32.054552,-0.116318
3.689,-1.216953,0.629331,3.298986,-0.687428,-0.067666,-1.483444,-0.373814,-32.054909,-0.116718
3.699,-1.223813,0.628550,3.283763,-0.685918,-0.078091,-1.522306,-0.363291,-32.055260,-0.117112
3.709,-1.230656,0.627666,3.268158,-0.684355,-0.088378,-1.560523,-0.352755,-32.055606,-0.117501
3.719,-1.237483,0.626681,3.252177,-0.682741,-0.098523,-1.598066,-0.342205,-32.055946,-0.117884
3.729,-1.244294,0.625596,3.235828,-0.681077,-0.108521,-1.634903,-0.331643,-32.056280,-0.118261
3.739,-1.251088,0.624412,3.219118,-0.679365,-0.118370,-1.671003,-0.321068,-32.056609,-0.118632
3.749,-1.257864,0.623131,3.202055,-0.677606,-0.128065,-1.706334,-0.310481,-32.056932,-0.118998
3.759,-1.264622,0.621755,3.184646,-0.675803,-0.137605,-1.740861,-0.299882,-32.057249,-0.119358
3.769,-1.271362,0.620286,3.166901,-0.673957,-0.146986,-1.774552,-0.289272,-32.057560,-0.119711
3.779,-1.278082,0.618724,3.148827,-0.672071,-0.156207,-1.807372,-0.278651,-32.057866,-0.120059
3.789,-1.284784,0.617071,3.130434,-0.670147,-0.165268,-1.839285,-0.268019,-32.058166,-0.120401
3.799,-1.291466,0.615329,3.111732,-0.668188,-0.174166,-1.870258,-0.257377,-32.058459,-0.120737
3.809,-1.298128,0.613500,3.092729,-0.666196,-0.182903,-1.900252,-0.246726,-32.058747,-0.121067
3.819,-1.304769,0.611585,3.073437,-0.664174,-0.191478,-1.929233,-0.236065,-32.059030,-0.121391
3.829,-1.311391,0.609586,3.053865,-0.662124,-0.199892,-1.957163,-0.225396,-32.059306,-0.121709
3.839,-1.317991,0.607505,3.034025,-0.660050,-0.208148,-1.984007,-0.214718,-32.059576,-0.122021
3.849,-1.324571,0.605329,3.014025,-0.658007,-0.217636,-2.000000,-0.204032,-32.059841,0.718142
3.859,-1.331131,0.603037,2.994025,-0.656031,-0.229118,-2.000000,-0.193338,-32.060099,1.995092
3.869,-1.337672,0.600634,2.974025,-0.654048,-0.240330,-2.000000,-0.182637,-32.060351,1.886121
3.879,-1.344192,0.598121,2.954025,-0.652059,-0.251267,-2.000000,-0.171929,-32.060598,1.775695
3.889,-1.350693,0.595502,2.934025,-0.650066,-0.261927,-2.000000,-0.161215,-32.060838,1.663852
3.899,-1.357174,0.592779,2.914025,-0.648070,-0.272307,-2.000000,-0.150495,-32.061073,1.550629
3.909,-1.363635,0.589955,2.894025,-0.646073,-0.282402,-2.000000,-0.139769,-32.061301,1.436069
3.919,-1.370075,0.587033,2.874025,-0.644077,-0.292212,-2.000000,-0.129037,-32.061523,1.320215
3.929,-1.376496,0.584016,2.854025,-0.642082,-0.301733,-2.000000,-0.118301,-32.061739,1.203113
3.939,-1.382897,0.580906,2.834025,-0.640091,-0.310963,-2.000000,-0.107561,-32.061949,1.084813
3.949,-1.389278,0.577707,2.814025,-0.638105,-0.319900,-2.000000,-0.096816,-32.062153,0.965367
3.959,-1.395639,0.574422,2.794025,-0.636125,-0.328543,-2.000000,-0.086068,-32.062351,0.844829
3.969,-1.401981,0.571053,2.774025,-0.634152,-0.336889,-2.000000,-0.075317,-32.062543,0.723256
3.979,-1.408303,0.567603,2.754025,-0.632189,-0.344938,-2.000000,-0.064562,-32.062728,0.600707
3.989,-1.414605,0.564076,2.734025,-0.630237,-0.352689,-2.000000,-0.053806,-32.062908,0.477243
3.999,-1.420888,0.560475,2.714025,-0.628296,-0.360140,-2.000000,-0.043047,-32.063081,0.352929
4.009,-1.427152,0.556802,2.694025,-0.626369,-0.367291,-2.000000,-0.032287,-32.063248,0.227830
4.019,-1.433396,0.553061,2.674025,-0.624456,-0.374142,-2.000000,-0.021525,-32.063409,0.102015
4.029,-1.439622,0.549254,2.654025,-0.622559,-0.380692,-2.000000,-0.010763,-32.063564,-0.024445
4.039,-1.445829,0.545384,2.634028,-0.620681,-0.386987,-1.999707,0.000000,-32.063712,-0.126963
4.049,-1.452017,0.541452,2.614049,-0.618831,-0.393216,-1.997889,0.010763,-32.063855,-0.127144
4.059,-1.458187,0.537458,2.594104,-0.617012,-0.399386,-1.994536,0.021525,-32.063991,-0.127319
4.069,-1.464339,0.533403,2.574207,-0.615225,-0.405501,-1.989637,0.032287,-32.064121,-0.127487
4.079,-1.470474,0.529287,2.554375,-0.613470,-0.411569,-1.983185,0.043047,-32.064244,-0.127649
4.089,-1.476592,0.525111,2.534624,-0.611750,-0.417593,-1.975176,0.053806,-32.064362,-0.127805
4.099,-1.482692,0.520875,2.514968,-0.610066,-0.423580,-1.965607,0.064562,-32.064473,-0.127954
4.109,-1.488777,0.516580,2.495423,-0.608417,-0.429534,-1.954477,0.075317,-32.064578,-0.128097
4.119,-1.494845,0.512225,2.476005,-0.606806,-0.435460,-1.941787,0.086068,-32.064677,-0.128234
4.129,-1.500897,0.507812,2.456730,-0.605231,-0.441362,-1.927542,0.096816,-32.064770,-0.128364
4.139,-1.506934,0.503339,2.437612,-0.603695,-0.447244,-1.911748,0.107561,-32.064856,-0.128488
4.149,-1.512956,0.498808,2.418668,-0.602196,-0.453110,-1.894413,0.118301,-32.064937,-0.128605
4.159,-1.518963,0.494219,2.399913,-0.600736,-0.458963,-1.875547,0.129037,-32.065011,-0.128716
4.169,-1.524956,0.489571,2.381361,-0.599313,-0.464806,-1.855164,0.139769,-32.065078,-0.128821
4.179,-1.530936,0.484864,2.363028,-0.597928,-0.470641,-1.833278,0.150495,-32.065140,-0.128919
4.189,-1.536901,0.480100,2.344929,-0.596580,-0.476471,-1.809906,0.161215,-32.065195,-0.129011
4.199,-1.542854,0.475277,2.327078,-0.595270,-0.482297,-1.785068,0.171929,-32.065244,-0.129097
4.209,-1.548794,0.470395,2.309491,-0.593995,-0.488120,-1.758784,0.182637,-32.065287,-0.129176
4.219,-1.554722,0.465456,2.292180,-0.592756,-0.493942,-1.731077,0.193338,-32.065324,-0.129248
4.229,-1.560637,0.460458,2.275160,-0.591552,-0.499762,-1.701971,0.204032,-32.065355,-0.129315
4.239,-1.566541,0.455403,2.258445,-0.590382,-0.505582,-1.671494,0.214718,-32.065379,-0.129375
4.249,-1.572433,0.450289,2.242048,-0.589245,-0.511400,-1.639672,0.225396,-32.065398,-0.129429
4.259,-1.578315,0.445116,2.225983,-0.588139,-0.517217,-1.606535,0.236065,-32.065410,-0.129476
4.269,-1.584185,0.439886,2.210262,-0.587065,-0.523030,-1.572113,0.246726,-32.065416,-0.129517
4.279,-1.590046,0.434598,2.194898,-0.586020,-0.528840,-1.536440,0.257377,-32.065415,-0.129552
4.289,-1.595896,0.429251,2.179902,-0.585005,-0.534644,-1.499547,0.268019,-32.065409,-0.129580
4.299,-1.601736,0.423847,2.165287,-0.584016,-0.540441,-1.461468,0.278651,-32.065397,-0.129603
4.309,-1.607566,0.418385,2.151065,-0.583054,-0.546228,-1.422240,0.289272,-32.065378,-0.129618
4.319,-1.613388,0.412864,2.137246,-0.582117,-0.552004,-1.381896,0.299882,-32.065354,-0.129628
4.329,-1.619200,0.407287,2.123841,-0.581204,-0.557766,-1.340474,0.310481,-32.065323,-0.129631
4.339,-1.625003,0.401652,2.110861,-0.580313,-0.563511,-1.298010,0.321068,-32.065286,-0.129628
4.349,-1.630797,0.395959,2.098316,-0.579445,-0.569237,-1.254543,0.331643,-32.065243,-0.129619
4.359,-1.636583,0.390210,2.086215,-0.578596,-0.574940,-1.210108,0.342205,-32.065195,-0.129604
4.369,-1.642361,0.384404,2.074567,-0.577767,-0.580618,-1.164744,0.352755,-32.065140,-0.129582
4.379,-1.648130,0.378541,2.063382,-0.576956,-0.586268,-1.118488,0.363291,-32.065079,-0.129554
4.389,-1.653892,0.372622,2.052669,-0.576163,-0.591887,-1.071379,0.373814,-32.065012,-0.129520
4.399,-1.659646,0.366648,2.042434,-0.575386,-0.597471,-1.023455,0.384322,-32.064939,-0.129480
4.409,-1.665392,0.360617,2.032686,-0.574624,-0.603018,-0.974751,0.394816,-32.064861,-0.129434
4.419,-1.671131,0.354532,2.023433,-0.573876,-0.608524,-0.925306,0.405295,-32.064776,-0.129382
4.429,-1.676862,0.348392,2.014682,-0.573143,-0.613987,-0.875157,0.415759,-32.064685,-0.129323
4.439,-1.682586,0.342198,2.006438,-0.572422,-0.619403,-0.824340,0.426207,-32.064589,-0.129259
4.449,-1.688304,0.335950,1.998710,-0.571714,-0.624770,-0.772890,0.436639,-32.064486,-0.129188
4.459,-1.694014,0.329650,1.991501,-0.571017,-0.630085,-0.720843,0.447054,-32.064378,-0.129111
4.469,-1.699717,0.323296,1.984819,-0.570332,-0.635345,-0.668235,0.457452,-32.064264,-0.129029
4.479,-1.705414,0.316891,1.978668,-0.569657,-0.640548,-0.615098,0.467833,-32.064144,-0.128940
4.489,-1.711104,0.310434,1.973053,-0.568993,-0.645691,-0.561466,0.478196,-32.064019,-0.128845
4.499,-1.716787,0.303926,1.967979,-0.568338,-0.650771,-0.507373,0.488541,-32.063888,-0.128745
4.509,-1.722464,0.297368,1.963451,-0.567694,-0.655787,-0.452850,0.498868,-32.063751,-0.128638
4.519,-1.728134,0.290761,1.959472,-0.567059,-0.660737,-0.397929,0.509175,-32.063608,-0.128526
4.529,-1.733799,0.284105,1.956045,-0.566433,-0.665618,-0.342639,0.519463,-32.063459,-0.128407
4.539,-1.739457,0.277400,1.953175,-0.565817,-0.670430,-0.287012,0.529732,-32.063305,-0.128283
4.549,-1.745109,0.270649,1.950864,-0.565211,-0.675169,-0.231077,0.539980,-32.063146,-0.128153
4.559,-1.750755,0.263850,1.949116,-0.564614,-0.679835,-0.174861,0.550207,-32.062980,-0.128017
4.569,-1.756396,0.257006,1.947932,-0.564027,-0.684427,-0.118392,0.560414,-32.062809,-0.127876
4.579,-1.762030,0.250117,1.947315,-0.563451,-0.688942,-0.061698,0.570599,-32.062633,-0.127728
4.589,-1.767659,0.243183,1.947267,-0.562884,-0.693381,-0.004805,0.580763,-32.062451,-0.127575
4.599,-1.773282,0.236205,1.947789,-0.562329,-0.697741,0.052262,0.590904,-32.062264,-0.127417
4.609,-1.778900,0.229185,1.948884,-0.561785,-0.702023,0.109477,0.601022,-32.062071,-0.127252
4.619,-1.784513,0.222123,1.950552,-0.561252,-0.706225,0.166815,0.611118,-32.061873,-0.127082
4.629,-1.790120,0.215019,1.952795,-0.560732,-0.710346,0.224253,0.621190,-32.061669,-0.126907
4.639,-1.795722,0.207876,1.955613,-0.560225,-0.714387,0.281767,0.631238,-32.061460,-0.126726
4.649,-1.801319,0.200692,1.959006,-0.559731,-0.718345,0.339333,0.641263,-32.061246,-0.126539
4.659,-1.806912,0.193470,1.962975,-0.559252,-0.722222,0.396930,0.651262,-32.061026,-0.126347
4.669,-1.812500,0.186210,1.967520,-0.558788,-0.726017,0.454534,0.661237,-32.060802,-0.126149
4.679,-1.818083,0.178912,1.972642,-0.558340,-0.729729,0.512123,0.671186,-32.060572,-0.125946
4.689,-1.823662,0.171579,1.978338,-0.557909,-0.733358,0.569677,0.681109,-32.060337,-0.125738
4.699,-1.829237,0.164210,1.984610,-0.557495,-0.736903,0.627172,0.691006,-32.060096,-0.125524
4.709,-1.834808,0.156806,1.991456,-0.557100,-0.740365,0.684588,0.700876,-32.059851,-0.125305
4.719,-1.840375,0.149369,1.998875,-0.556724,-0.743742,0.741904,0.710720,-32.059600,-0.125081
4.729,-1.845939,0.141898,2.006866,-0.556369,-0.747036,0.799097,0.720535,-32.059345,-0.124851
4.739,-1.851500,0.134396,2.015428,-0.556035,-0.750245,0.856146,0.730323,-32.059084,-0.124616
4.749,-1.857057,0.126862,2.024558,-0.555724,-0.753369,0.913031,0.740083,-32.058819,-0.124376
4.759,-1.862611,0.119298,2.034255,-0.555436,-0.756408,0.969730,0.749814,-32.058548,-0.124131
4.769,-1.868163,0.111705,2.044517,-0.555173,-0.759361,1.026221,0.759516,-32.058273,-0.123881
4.779,-1.873712,0.104082,2.055342,-0.554935,-0.762228,1.082483,0.769189,-32.057993,-0.123626
4.789,-1.879259,0.096432,2.066727,-0.554725,-0.765009,1.138493,0.778832,-32.057708,-0.123365
4.799,-1.884805,0.088755,2.078669,-0.554541,-0.767702,1.194229,0.788444,-32.057418,-0.123100
4.809,-1.890349,0.081052,2.091166,-0.554387,-0.770307,1.249669,0.798026,-32.057124,-0.122830
4.819,-1.895891,0.073324,2.104214,-0.554262,-0.772824,1.304790,0.807577,-32.056825,-0.122555
4.829,-1.901433,0.065571,2.117810,-0.554167,-0.775252,1.359569,0.817096,-32.056521,-0.122275
4.839,-1.906974,0.057795,2.131950,-0.554104,-0.777590,1.413983,0.826583,-32.056213,-0.121990
4.849,-1.912515,0.049997,2.146630,-0.554074,-0.779836,1.468007,0.836038,-32.055900,-0.121701
4.859,-1.918056,0.042177,2.161846,-0.554077,-0.781991,1.521617,0.845461,-32.055583,-0.121406
4.869,-1.923597,0.034337,2.177594,-0.554114,-0.784053,1.574788,0.854850,-32.055261,-0.121107
4.879,-1.929139,0.026476,2.193869,-0.554186,-0.786021,1.627496,0.864206,-32.054935,-0.120804
4.889,-1.934681,0.018598,2.210666,-0.554293,-0.787895,1.679714,0.873528,-32.054604,-0.120496
4.899,-1.940226,0.010701,2.227980,-0.554436,-0.789672,1.731417,0.882815,-32.054269,-0.120183
4.909,-1.945772,0.002787,2.245806,-0.554616,-0.791352,1.782578,0.892068,-32.053930,-0.119866
4.919,-1.951320,-0.005142,2.264137,-0.554834,-0.792933,1.833171,0.901286,-32.053587,-0.119544
4.929,-1.956871,-0.013086,2.282969,-0.555088,-0.794415,1.883168,0.910468,-32.053239,-0.119218
4.939,-1.962425,-0.021044,2.302295,-0.555380,-0.795797,1.932542,0.919614,-32.052887,-0.118888
4.949,-1.967982,-0.029015,2.322107,-0.555710,-0.797077,1.981265,0.928724,-32.052531,-0.118553
4.959,-1.973540,-0.036951,2.342107,-0.555824,-0.793556,2.000000,0.937797,-32.052172,-2.510381
4.969,-1.979098,-0.044821,2.362107,-0.555784,-0.787072,2.000000,0.946834,-32.051808,-3.990751
4.979,-1.984656,-0.052628,2.382107,-0.555737,-0.780640,2.000000,0.955832,-32.051440,-3.943520
4.989,-1.990212,-0.060370,2.402107,-0.555682,-0.774265,2.000000,0.964793,-32.051068,-3.895848
4.999,-1.995769,-0.068050,2.422107,-0.555620,-0.767951,2.000000,0.973715,-32.050692,-3.847719
5.009,-2.001324,-0.075667,2.442107,-0.555550,-0.761701,2.000000,0.982599,-32.050313,-3.799119
5.019,-2.006879,-0.083222,2.462107,-0.555472,-0.755518,2.000000,0.991443,-32.049930,-3.750035
5.029,-2.012433,-0.090716,2.482107,-0.555385,-0.749407,2.000000,1.000248,-32.049543,-3.700454
5.039,-2.017986,-0.098150,2.502107,-0.555290,-0.743371,2.000000,1.009013,-32.049152,-3.650364
5.049,-2.023537,-0.105524,2.522107,-0.555186,-0.737413,2.000000,1.017737,-32.048758,-3.599753
5.059,-2.029088,-0.112839,2.542107,-0.555072,-0.731538,2.000000,1.026421,-32.048360,-3.548610
5.069,-2.034638,-0.120097,2.562107,-0.554949,-0.725748,2.000000,1.035064,-32.047959,-3.496927
5.079,-2.040186,-0.127297,2.582107,-0.554816,-0.720048,2.000000,1.043665,-32.047554,-3.444694
5.089,-2.045733,-0.134442,2.602107,-0.554673,-0.714440,2.000000,1.052224,-32.047146,-3.391902
5.099,-2.051278,-0.141531,2.622107,-0.554519,-0.708928,2.000000,1.060740,-32.046735,-3.338544
5.109,-2.056821,-0.148566,2.642107,-0.554355,-0.703517,2.000000,1.069214,-32.046320,-3.284614
5.119,-2.062363,-0.155548,2.662107,-0.554180,-0.698209,2.000000,1.077645,-32.045902,-3.230105
5.129,-2.067903,-0.162478,2.682107,-0.553993,-0.693007,2.000000,1.086032,-32.045481,-3.175014
5.139,-2.073441,-0.169357,2.702107,-0.553795,-0.687916,2.000000,1.094375,-32.045057,-3.119336
5.149,-2.078977,-0.176187,2.722107,-0.553586,-0.682938,2.000000,1.102674,-32.044629,-3.063067
5.159,-2.084510,-0.182968,2.742107,-0.553364,-0.678077,2.000000,1.110928,-32.044199,-3.006207
5.169,-2.090042,-0.189701,2.762107,-0.553131,-0.673337,2.000000,1.119137,-32.043765,-2.948754
5.179,-2.095571,-0.196388,2.782107,-0.552885,-0.668721,2.000000,1.127300,-32.043329,-2.890707
5.189,-2.101097,-0.203030,2.802107,-0.552626,-0.664232,2.000000,1.135417,-32.042890,-2.832068
5.199,-2.106620,-0.209629,2.822107,-0.552355,-0.659873,2.000000,1.143488,-32.042448,-2.772838
5.209,-2.112141,-0.216186,2.842107,-0.552071,-0.655649,2.000000,1.151511,-32.042003,-2.713021
5.219,-2.117659,-0.222701,2.862107,-0.551773,-0.651562,2.000000,1.159488,-32.041555,-2.652619
5.229,-2.123173,-0.229177,2.882107,-0.551462,-0.647616,2.000000,1.167417,-32.041105,-2.591637
5.239,-2.128685,-0.235616,2.902107,-0.551137,-0.643814,2.000000,1.175298,-32.040652,-2.530082
5.249,-2.134193,-0.242017,2.922107,-0.550799,-0.640159,2.000000,1.183131,-32.040197,-2.467960
5.259,-2.139697,-0.248384,2.942107,-0.550446,-0.636655,2.000000,1.190914,-32.039739,-2.405278
5.269,-2.145198,-0.254717,2.962107,-0.550080,-0.633305,2.000000,1.198649,-32.039278,-2.342046
5.279,-2.150695,-0.261018,2.982107,-0.549699,-0.630113,2.000000,1.206334,-32.038816,-2.278273
5.289,-2.156188,-0.267289,3.002107,-0.549304,-0.627081,2.000000,1.213968,-32.038351,-2.213969
5.299,-2.161677,-0.273531,3.022107,-0.548894,-0.624213,2.000000,1.221553,-32.037883,-2.149147
5.309,-2.167162,-0.279746,3.042107,-0.548470,-0.621513,2.000000,1.229086,-32.037414,-2.083819
5.319,-2.172642,-0.285936,3.062107,-0.548031,-0.618983,2.000000,1.236569,-32.036942,-2.017999
5.329,-2.178118,-0.292102,3.082107,-0.547577,-0.616627,2.000000,1.243999,-32.036468,-1.951702
5.339,-2.183589,-0.298247,3.102107,-0.547108,-0.614448,2.000000,1.251378,-32.035992,-1.884942
5.349,-2.189055,-0.304371,3.122107,-0.546624,-0.612450,2.000000,1.258704,-32.035514,-1.817737
5.359,-2.194516,-0.310477,3.142107,-0.546125,-0.610635,2.000000,1.265977,-32.035034,-1.750104
5.369,-2.199973,-0.316567,3.162107,-0.545611,-0.609007,2.000000,1.273197,-32.034553,-1.682061
5.379,-2.205423,-0.322643,3.182107,-0.545082,-0.607569,2.000000,1.280363,-32.034069,-1.613629
5.389,-2.210869,-0.328706,3.202107,-0.544538,-0.606325,2.000000,1.287475,-32.033584,-1.544826
5.399,-2.216309,-0.334759,3.222107,-0.543979,-0.605277,2.000000,1.294533,-32.033097,-1.475674
5.409,-2.221743,-0.340803,3.242107,-0.543405,-0.604429,2.000000,1.301535,-32.032608,-1.406196
5.419,-2.227171,-0.346841,3.262107,-0.542816,-0.603784,2.000000,1.308483,-32.032118,-1.336414
5.429,-2.232593,-0.352875,3.282107,-0.542213,-0.603346,2.000000,1.315375,-32.031626,-1.266352
5.439,-2.238009,-0.358906,3.302107,-0.541594,-0.603117,2.000000,1.322210,-32.031132,-1.196035
5.449,-2.243418,-0.364937,3.322107,-0.540961,-0.603101,2.000000,1.328989,-32.030638,-1.125487
5.459,-2.248822,-0.370970,3.342107,-0.540314,-0.603301,2.000000,1.335712,-32.030141,-1.054736
5.469,-2.254218,-0.377007,3.362107,-0.539652,-0.603721,2.000000,1.342377,-32.029644,-0.983808
5.479,-2.259608,-0.383051,3.382107,-0.538977,-0.604362,2.000000,1.348984,-32.029145,-0.912730
5.489,-2.264991,-0.389103,3.402107,-0.538287,-0.605230,2.000000,1.355533,-32.028645,-0.841533
5.499,-2.270367,-0.395166,3.422107,-0.537584,-0.606326,2.000000,1.362024,-32.028144,-0.770244
5.509,-2.275735,-0.401243,3.442107,-0.536868,-0.607654,2.000000,1.368455,-32.027641,-0.698893
5.519,-2.281097,-0.407335,3.462107,-0.536139,-0.609217,2.000000,1.374828,-32.027138,-0.627513
5.529,-2.286451,-0.413445,3.482107,-0.535398,-0.611019,2.000000,1.381140,-32.026634,-0.556133
5.539,-2.291797,-0.419576,3.502107,-0.534644,-0.613062,2.000000,1.387393,-32.026128,-0.484785
5.550,-2.297136,-0.425729,3.522107,-0.533879,-0.615351,2.000000,1.393584,-32.025622,-0.413503
5.559,-2.302467,-0.431908,3.542107,-0.533103,-0.617887,2.000000,1.399715,-32.025115,-0.342320
5.570,-2.307790,-0.438115,3.562107,-0.532315,-0.620675,2.000000,1.405785,-32.024607,-0.271269
5.580,-2.313105,-0.444352,3.582107,-0.531518,-0.623717,2.000000,1.411793,-32.024098,-0.200385
5.589,-2.318412,-0.450622,3.602107,-0.530711,-0.627017,2.000000,1.417739,-32.023589,-0.129702
5.599,-2.318412,-0.450622,3.602107,-0.530711,-0.627017,2.000000,1.417739,-32.023589,-0.129702
5.610,-2.329002,-0.463270,3.642089,-0.529040,-0.634218,1.998545,1.429442,-32.022569,-0.089497
5.619,-2.329002,-0.463270,3.642089,-0.529040,-0.634218,1.998545,1.429442,-32.022569,-0.089497
5.629,-2.339556,-0.476072,3.681996,-0.527273,-0.642110,1.994029,1.440892,-32.021547,-0.088488
5.639,-2.339556,-0.476072,3.681996,-0.527273,-0.642110,1.994029,1.440892,-32.021547,-0.088488
5.649,-2.344820,-0.482535,3.701903,-0.526354,-0.646329,1.990644,1.446521,-32.021035,-0.087982
5.659,-2.350074,-0.489042,3.721768,-0.525412,-0.650736,1.986518,1.452085,-32.020523,-0.087475
5.669,-2.355318,-0.495596,3.741584,-0.524448,-0.655336,1.981661,1.457584,-32.020010,-0.086968
5.679,-2.360553,-0.502197,3.761345,-0.523462,-0.660136,1.976085,1.463018,-32.019498,-0.086461
5.689,-2.365777,-0.508848,3.781043,-0.522456,-0.665141,1.969799,1.468386,-32.018985,-0.085953
5.699,-2.370992,-0.515552,3.800671,-0.521429,-0.670354,1.962816,1.473688,-32.018472,-0.085445
5.709,-2.376195,-0.522310,3.820223,-0.520383,-0.675782,1.955148,1.478924,-32.017959,-0.084936
5.719,-2.381389,-0.529124,3.839691,-0.519319,-0.681428,1.946807,1.484092,-32.017446,-0.084428
5.729,-2.386571,-0.535997,3.859069,-0.518237,-0.687299,1.937808,1.489193,-32.016933,-0.083919
5.739,-2.391742,-0.542931,3.878351,-0.517140,-0.693399,1.928165,1.494226,-32.016420,-0.083410
5.749,-2.396903,-0.549928,3.897530,-0.516028,-0.699732,1.917892,1.499191,-32.015907,-0.082900
5.759,-2.402052,-0.556991,3.916600,-0.514902,-0.706303,1.907004,1.504088,-32.015394,-0.082391
5.769,-2.407007,-0.563105,3.926991,-0.495503,-0.611362,1.039123,1.508915,-32.014881,-78.524443
5.779,-2.411726,-0.568074,3.926991,-0.471967,-0.496850,0.000000,1.513673,-32.014369,-94.295935
5.789,-2.416426,-0.573117,3.926887,-0.469909,-0.504330,-0.010388,1.518361,-32.013857,-0.080864
5.799,-2.421104,-0.578236,3.926683,-0.467862,-0.511925,-0.020355,1.522979,-32.013346,-0.080355
5.809,-2.425762,-0.583433,3.926385,-0.465828,-0.519640,-0.029888,1.527526,-32.012835,-0.079846
5.819,-2.430400,-0.588707,3.925995,-0.463806,-0.527476,-0.038973,1.532002,-32.012324,-0.079337
5.829,-2.435018,-0.594062,3.925519,-0.461799,-0.535437,-0.047597,1.536407,-32.011814,-0.078829
5.839,-2.439617,-0.599497,3.924961,-0.459808,-0.543526,-0.055747,1.540740,-32.011304,-0.078321
5.849,-2.444195,-0.605014,3.924327,-0.457832,-0.551744,-0.063409,1.545000,-32.010795,-0.077814
5.859,-2.448754,-0.610615,3.923622,-0.455875,-0.560097,-0.070570,1.549188,-32.010287,-0.077307
5.869,-2.453293,-0.616301,3.922849,-0.453937,-0.568587,-0.077218,1.553303,-32.009780,-0.076800
5.879,-2.457813,-0.622073,3.922016,-0.452018,-0.577218,-0.083341,1.557345,-32.009273,-0.076294
5.889,-2.462314,-0.627933,3.921127,-0.450121,-0.585992,-0.088924,1.561312,-32.008767,-0.075789
5.899,-2.466797,-0.633882,3.920187,-0.448246,-0.594915,-0.093957,1.565206,-32.008262,-0.075284
5.909,-2.471261,-0.639922,3.919203,-0.446395,-0.603990,-0.098427,1.569025,-32.007757,-0.074780
5.919,-2.475706,-0.646055,3.918180,-0.444568,-0.613220,-0.102322,1.572768,-32.007254,-0.074277
5.929,-2.480134,-0.652281,3.917123,-0.442768,-0.622611,-0.105630,1.576436,-32.006752,-0.073774
5.939,-2.484544,-0.658602,3.916040,-0.440995,-0.632165,-0.108339,1.580029,-32.006250,-0.073272
5.949,-2.488937,-0.665021,3.914936,-0.439252,-0.641889,-0.110438,1.583545,-32.005750,-0.072771
5.959,-2.493312,-0.671539,3.913816,-0.437538,-0.651786,-0.111916,1.586984,-32.005251,-0.072271
5.969,-2.497671,-0.678158,3.912689,-0.435856,-0.661861,-0.112762,1.590346,-32.004753,-0.071772
5.979,-2.502013,-0.684879,3.911559,-0.434207,-0.672119,-0.112965,1.593631,-32.004256,-0.071274
5.989,-2.506339,-0.691705,3.910434,-0.432592,-0.682566,-0.112514,1.596838,-32.003761,-0.070777
5.999,-2.510649,-0.698637,3.909320,-0.431013,-0.693205,-0.111400,1.599966,-32.003267,-0.070281
6.009,-2.514943,-0.705677,3.908224,-0.429471,-0.704044,-0.109611,1.603016,-32.002774,-0.069786
6.019,-2.519223,-0.712828,3.907153,-0.427968,-0.715087,-0.107138,1.605987,-32.002282,-0.069292
6.029,-2.523488,-0.720091,3.906113,-0.426505,-0.726341,-0.103972,1.608878,-32.001792,-0.068799
6.039,-2.527739,-0.727469,3.905112,-0.425084,-0.737811,-0.100104,1.611689,-32.001303,-0.068308
6.049,-2.531976,-0.734964,3.904157,-0.423706,-0.749503,-0.095523,1.614420,-32.000816,-0.067817
6.059,-2.536200,-0.742579,3.903254,-0.422373,-0.761424,-0.090221,1.617071,-32.000331,-0.067329
6.069,-2.540411,-0.750314,3.902412,-0.421087,-0.773581,-0.084191,1.619640,-31.999847,-0.066841
6.079,-2.544609,-0.758174,3.901638,-0.419848,-0.785979,-0.077423,1.622127,-31.999364,-0.066355
6.089,-2.548796,-0.766161,3.900939,-0.418660,-0.798627,-0.069909,1.624533,-31.998883,-0.065870
6.099,-2.552971,-0.774276,3.900323,-0.417523,-0.811531,-0.061642,1.626857,-31.998404,-0.065387
6.109,-2.557135,-0.782523,3.899797,-0.416438,-0.824699,-0.052614,1.629097,-31.997926,-0.064905
6.119,-2.561289,-0.790904,3.899368,-0.415409,-0.838138,-0.042819,1.631255,-31.997451,-0.064424
6.129,-2.565434,-0.799423,3.899046,-0.414436,-0.851856,-0.032248,1.633329,-31.996977,-0.063946
6.139,-2.569569,-0.808081,3.898837,-0.413522,-0.865862,-0.020897,1.635318,-31.996505,-0.063468
6.149,-2.573696,-0.816883,3.898749,-0.412667,-0.880163,-0.008757,1.637224,-31.996034,-0.062993
6.159,-2.577814,-0.825831,3.898791,-0.411874,-0.894768,0.004176,1.639045,-31.995566,-0.062519
6.169,-2.581926,-0.834928,3.898970,-0.411145,-0.909685,0.017908,1.640781,-31.995099,-0.062047
6.179,-2.586031,-0.844177,3.899295,-0.410482,-0.924925,0.032446,1.642431,-31.994635,-0.061576
6.189,-2.590129,-0.853582,3.899773,-0.409886,-0.940496,0.047793,1.643995,-31.994172,-0.061107
6.199,-2.594223,-0.863146,3.900412,-0.409359,-0.956407,0.063956,1.645473,-31.993711,-0.060640
6.209,-2.598312,-0.872873,3.901221,-0.408903,-0.972669,0.080938,1.646864,-31.993253,-0.060175
6.219,-2.602397,-0.882765,3.902209,-0.408520,-0.989292,0.098745,1.648168,-31.992796,-0.059711
6.229,-2.606479,-0.892828,3.903383,-0.408212,-1.006285,0.117379,1.649384,-31.992342,-0.059250
6.239,-2.610559,-0.903065,3.904751,-0.407981,-1.023661,0.136846,1.650512,-31.991889,-0.058790
6.249,-2.614638,-0.913479,3.906323,-0.407829,-1.041428,0.157149,1.651552,-31.991439,-0.058332
6.259,-2.618715,-0.924075,3.908106,-0.407758,-1.059600,0.178291,1.652503,-31.990991,-0.057876
6.269,-2.622793,-0.934857,3.910108,-0.407770,-1.078187,0.200275,1.653365,-31.990545,-0.057422
6.279,-2.626871,-0.945829,3.912339,-0.407867,-1.097202,0.223105,1.654137,-31.990102,-0.056970
6.289,-2.630952,-0.956996,3.914807,-0.408050,-1.116656,0.246783,1.654820,-31.989660,-0.056520
6.299,-2.635035,-0.968361,3.917520,-0.408323,-1.136562,0.271312,1.655412,-31.989221,-0.056072
6.309,-2.639122,-0.979931,3.920487,-0.408686,-1.156933,0.296693,1.655913,-31.988785,-0.055627
6.319,-2.643214,-0.991708,3.923717,-0.409142,-1.177783,0.322930,1.656323,-31.988350,-0.055183
6.329,-2.647305,-1.003673,3.926991,-0.409103,-1.196422,0.327424,1.656641,-31.987918,-2.122743
6.339,-2.651309,-1.015431,3.926991,-0.400430,-1.175795,0.000000,1.656867,-31.987488,-32.578408
6.349,-2.655311,-1.027375,3.926991,-0.400244,-1.194419,0.000000,1.657001,-31.987061,-2.712526
6.359,-2.659312,-1.039509,3.926991,-0.400120,-1.213399,0.000000,1.657042,-31.986636,-2.811070
6.369,-2.663313,-1.051836,3.926991,-0.400059,-1.232743,0.000000,1.656989,-31.986213,-2.911101
6.379,-2.667314,-1.064361,3.926991,-0.400063,-1.252463,0.000000,1.656844,-31.985793,-3.012627
6.389,-2.671315,-1.077087,3.926991,-0.400132,-1.272569,0.000000,1.656604,-31.985375,-3.115653
6.399,-2.675318,-1.090017,3.926991,-0.400269,-1.293072,0.000000,1.656269,-31.984960,-3.220184
6.409,-2.679322,-1.103157,3.926991,-0.400475,-1.313981,0.000000,1.655840,-31.984547,-3.326222
6.419,-2.683330,-1.116510,3.926991,-0.400750,-1.335309,0.000000,1.655316,-31.984137,-3.433769
6.429,-2.687341,-1.130081,3.926991,-0.401097,-1.357068,0.000000,1.654695,-31.983729,-3.542825
6.439,-2.691356,-1.143874,3.926991,-0.401516,-1.379267,0.000000,1.653979,-31.983324,-3.653387
6.449,-2.695376,-1.157893,3.926991,-0.402008,-1.401921,0.000000,1.653167,-31.982921,-3.765450
6.459,-2.699402,-1.172143,3.926991,-0.402576,-1.425040,0.000000,1.652257,-31.982521,-3.879009
6.469,-2.703434,-1.186630,3.926991,-0.403218,-1.448638,0.000000,1.651250,-31.982123,-3.994054
6.479,-2.707473,-1.201357,3.926991,-0.403937,-1.472728,0.000000,1.650146,-31.981728,-4.110573
6.489,-2.711521,-1.216330,3.926991,-0.404733,-1.497322,0.000000,1.648943,-31.981336,-4.228550
6.499,-2.715577,-1.231554,3.926991,-0.405607,-1.522434,0.000000,1.647642,-31.980946,-4.347968
6.509,-2.719642,-1.247035,3.926991,-0.406559,-1.548078,0.000000,1.646242,-31.980558,-4.468806
6.519,-2.723718,-1.262778,3.926991,-0.407590,-1.574268,0.000000,1.644743,-31.980174,-4.591037
6.529,-2.727805,-1.278788,3.926991,-0.408699,-1.601018,0.000000,1.643144,-31.979792,-4.714633
6.539,-2.731904,-1.295071,3.926991,-0.409887,-1.628344,0.000000,1.641445,-31.979412,-4.839559
6.549,-2.736016,-1.311634,3.926991,-0.411153,-1.656259,0.000000,1.639646,-31.979035,-4.965778
6.559,-2.740141,-1.328482,3.926991,-0.412496,-1.684780,0.000000,1.637745,-31.978661,-5.093246
6.569,-2.744280,-1.345621,3.926991,-0.413916,-1.713922,0.000000,1.635744,-31.978290,-5.221914
6.579,-2.748434,-1.363058,3.926991,-0.415412,-1.743700,0.000000,1.633640,-31.977921,-5.351728
6.589,-2.752604,-1.380799,3.926991,-0.416981,-1.774132,0.000000,1.631435,-31.977554,-5.482627
6.599,-2.756790,-1.398852,3.926991,-0.418622,-1.805233,0.000000,1.629127,-31.977191,-5.614543
6.609,-2.760993,-1.417222,3.926991,-0.420332,-1.837020,0.000000,1.626716,-31.976830,-5.747403
6.619,-2.765214,-1.435917,3.926991,-0.422109,-1.869510,0.000000,1.624202,-31.976471,-5.881124
6.629,-2.769454,-1.454944,3.926991,-0.423948,-1.902721,0.000000,1.621584,-31.976115,-6.015616
6.639,-2.773712,-1.474311,3.926991,-0.425847,-1.936670,0.000000,1.618861,-31.975762,-6.150781
6.649,-2.777990,-1.494025,3.926991,-0.427800,-1.971374,0.000000,1.616035,-31.975412,-6.286511
6.659,-2.782282,-1.514025,3.926991,-0.429176,-2.000000,0.000000,1.613103,-27.334889,-5.866102
6.669,-2.786561,-1.534025,3.926991,-0.427874,-2.000000,0.000000,1.610066,-7.415309,-3.618452
6.679,-2.790826,-1.554025,3.926991,-0.426468,-2.000000,0.000000,1.606924,-6.881931,-3.718141
6.689,-2.792527,-1.574025,3.926991,-0.170122,-2.000000,0.000000,145.760967,-19.773088,-1.760093
6.699,-2.792527,-1.594025,3.926991,-0.000000,-2.000000,0.000000,96.637346,-14.696686,-2.586474
6.709,-2.792505,-1.614025,3.926991,0.002186,-2.000000,0.000000,1.596857,-5.263524,-4.010452
6.719,-2.792460,-1.634025,3.926991,0.004446,-2.000000,0.000000,1.593287,-4.721276,-4.102167
6.729,-2.792393,-1.654025,3.926991,0.006779,-2.000000,0.000000,1.589610,-4.177149,-4.191932
6.739,-2.792301,-1.674025,3.926991,0.009184,-2.000000,0.000000,1.585824,-3.631352,-4.279713
6.749,-2.792184,-1.694025,3.926991,0.011663,-2.000000,0.000000,1.581930,-3.084095,-4.365474
6.759,-2.792042,-1.714025,3.926991,0.014213,-2.000000,0.000000,1.577927,-2.535590,-4.449183
6.769,-2.791874,-1.734025,3.926991,0.016835,-2.000000,0.000000,1.573815,-1.986048,-4.530807
6.779,-2.791678,-1.754025,3.926991,0.019528,-2.000000,0.000000,1.569592,-1.435680,-4.610313
6.789,-2.791456,-1.774025,3.926991,0.022290,-2.000000,0.000000,1.565260,-0.884699,-4.687671
6.799,-2.791204,-1.794025,3.926991,0.025121,-2.000000,0.000000,1.560817,-0.333318,-4.762850
6.809,-2.790924,-1.814025,3.926991,0.028021,-2.000000,0.000000,1.556263,0.218251,-4.835821
6.819,-2.790614,-1.834025,3.926991,0.030987,-2.000000,0.000000,1.551597,0.769795,-4.906554
6.829,-2.790274,-1.854025,3.926991,0.034020,-2.000000,0.000000,1.546820,1.321099,-4.975022
6.839,-2.789903,-1.874025,3.926991,0.037117,-2.000000,0.000000,1.541930,1.871951,-5.041197
6.849,-2.789500,-1.894025,3.926991,0.040278,-2.000000,0.000000,1.536928,2.422136,-5.105053
6.859,-2.789065,-1.914025,3.926991,0.043501,-2.000000,0.000000,1.531813,2.971442,-5.166565
6.869,-2.788597,-1.934025,3.926991,0.046785,-2.000000,0.000000,1.526585,3.519654,-5.225706
6.879,-2.788096,-1.954025,3.926991,0.050130,-2.000000,0.000000,1.521242,4.066559,-5.282454
6.889,-2.787561,-1.974025,3.926991,0.053532,-2.000000,0.000000,1.515786,4.611944,-5.336785
6.899,-2.786991,-1.994025,3.926991,0.056991,-2.000000,0.000000,1.510215,5.155595,-5.388677
6.909,-2.786386,-2.014025,3.926991,0.060506,-2.000000,0.000000,1.504528,5.697299,-5.438109
6.919,-2.785745,-2.034025,3.926991,0.064074,-2.000000,0.000000,1.498727,6.236844,-5.485059
6.929,-2.785068,-2.054025,3.926991,0.067695,-2.000000,0.000000,1.492809,6.774018,-5.529510
6.939,-2.784354,-2.074025,3.926991,0.071366,-2.000000,0.000000,1.486776,7.308608,-5.571441
6.949,-2.783603,-2.094025,3.926991,0.075086,-2.000000,0.000000,1.480625,7.840404,-5.610835
6.959,-2.782815,-2.114025,3.926991,0.078854,-2.000000,0.000000,1.474358,8.369195,-5.647675
6.969,-2.781988,-2.134025,3.926991,0.082668,-2.000000,0.000000,1.467973,8.894772,-5.681946
6.979,-2.781123,-2.154025,3.926991,0.086525,-2.000000,0.000000,1.461470,9.416925,-5.713632
6.989,-2.780219,-2.174025,3.926991,0.090426,-2.000000,0.000000,1.454850,9.935447,-5.742720
6.999,-2.779275,-2.194025,3.926991,0.094367,-2.000000,0.000000,1.448110,10.450130,-5.769195
7.009,-2.778292,-2.214025,3.926991,0.098347,-2.000000,0.000000,1.441251,10.960768,-5.793047
7.019,-2.777268,-2.234025,3.926991,0.102365,-2.000000,0.000000,1.434273,11.467156,-5.814264
7.029,-2.776204,-2.254025,3.926991,0.106419,-2.000000,0.000000,1.427175,11.969092,-5.832836
7.039,-2.775099,-2.274025,3.926991,0.110507,-2.000000,0.000000,1.419957,12.466372,-5.848755
7.049,-2.773952,-2.294025,3.926991,0.114629,-2.000000,0.000000,1.412618,12.958795,-5.862011
7.059,-2.772765,-2.314025,3.926991,0.118781,-2.000000,0.000000,1.405158,13.446164,-5.872599
7.069,-2.771535,-2.334025,3.926991,0.122964,-2.000000,0.000000,1.397576,13.928279,-5.880512
7.079,-2.770263,-2.354025,3.926991,0.127175,-2.000000,0.000000,1.389873,14.404945,-5.885745
7.089,-2.768949,-2.374025,3.926991,0.131412,-2.000000,0.000000,1.382047,14.875968,-5.888294
7.099,-2.767592,-2.394025,3.926991,0.135676,-2.000000,0.000000,1.374099,15.341156,-5.888158
7.109,-2.766193,-2.414025,3.926991,0.139963,-2.000000,0.000000,1.366027,15.800318,-5.885333
7.119,-2.764750,-2.434025,3.926991,0.144273,-2.000000,0.000000,1.357832,16.253268,-5.879821
7.129,-2.763264,-2.454025,3.926991,0.148605,-2.000000,0.000000,1.349513,16.699819,-5.871620
7.139,-2.761734,-2.474025,3.926991,0.152957,-2.000000,0.000000,1.341070,17.139788,-5.860733
7.149,-2.760161,-2.494025,3.926991,0.157328,-2.000000,0.000000,1.332502,17.572994,-5.847162
7.159,-2.758544,-2.514025,3.926991,0.161717,-2.000000,0.000000,1.323809,17.999258,-5.830911
7.169,-2.756883,-2.534025,3.926991,0.166124,-2.000000,0.000000,1.314991,18.418406,-5.811985
7.179,-2.755177,-2.554025,3.926991,0.170546,-2.000000,0.000000,1.306046,18.830263,-5.790390
7.189,-2.753427,-2.574025,3.926991,0.174983,-2.000000,0.000000,1.296975,19.234660,-5.766134
7.199,-2.751633,-2.594025,3.926991,0.179434,-2.000000,0.000000,1.287778,19.631430,-5.739224
7.209,-2.749794,-2.614025,3.926991,0.183898,-2.000000,0.000000,1.278453,20.020408,-5.709669
7.220,-2.747910,-2.634025,3.926991,0.188374,-2.000000,0.000000,1.269001,20.401433,-5.677481
7.229,-2.745982,-2.654025,3.926991,0.192862,-2.000000,0.000000,1.259421,20.774347,-5.642670
7.239,-2.744008,-2.674025,3.926991,0.197361,-2.000000,0.000000,1.249712,21.138995,-5.605250
7.249,-2.741989,-2.694025,3.926991,0.201869,-2.000000,0.000000,1.239875,21.495225,-5.565234
7.259,-2.739926,-2.714025,3.926991,0.206388,-2.000000,0.000000,1.229908,21.842891,-5.522637
7.269,-2.737816,-2.734025,3.926991,0.210915,-2.000000,0.000000,1.219812,22.181846,-5.477475
7.279,-2.735662,-2.754025,3.926991,0.215450,-2.000000,0.000000,1.209587,22.511951,-5.429765
7.289,-2.733462,-2.774025,3.926991,0.219993,-2.000000,0.000000,1.199230,22.833067,-5.379525
7.299,-2.731216,-2.794025,3.926991,0.224544,-2.000000,0.000000,1.188743,23.145061,-5.326774
7.309,-2.728926,-2.814025,3.926991,0.229084,-2.000000,0.000000,1.167375,23.448297,-5.271448
7.319,-2.726589,-2.834025,3.926991,0.233631,-2.000000,0.000000,1.156493,23.741646,-5.213734
7.329,-2.724207,-2.854025,3.926991,0.238201,-2.000000,0.000000,1.156493,24.025024,-5.153668
7.339,-2.721780,-2.874025,3.926991,0.242760,-2.000000,0.000000,1.134332,24.299726,-5.090990
7.349,-2.719307,-2.894025,3.926991,0.247324,-2.000000,0.000000,1.123052,24.564221,-5.026008
7.359,-2.716788,-2.914025,3.926991,0.251893,-2.000000,0.000000,1.111638,24.818872,-4.958653
7.369,-2.714223,-2.934025,3.926991,0.256467,-2.000000,0.000000,1.100090,25.063573,-4.888951
7.379,-2.711612,-2.954025,3.926991,0.261047,-2.000000,0.000000,1.088408,25.298222,-4.816930
7.389,-2.708956,-2.974025,3.926991,0.265631,-2.000000,0.000000,1.076591,25.522721,-4.742619
7.399,-2.706254,-2.994025,3.926991,0.270220,-2.000000,0.000000,1.064639,25.736976,-4.666047
7.409,-2.703506,-3.014025,3.926991,0.274813,-2.000000,0.000000,1.052551,25.940898,-4.587244
7.419,-2.700712,-3.034025,3.926991,0.279411,-2.000000,0.000000,1.040328,26.134401,-4.506242
7.429,-2.697872,-3.054025,3.926991,0.284013,-2.000000,0.000000,1.027967,26.317405,-4.423074
7.439,-2.694985,-3.074025,3.926991,0.288619,-2.000000,0.000000,1.015470,26.489833,-4.337772
7.449,-2.692053,-3.094025,3.926991,0.293230,-2.000000,0.000000,1.002836,26.651613,-4.250370
7.459,-2.689075,-3.114025,3.926991,0.297844,-2.000000,0.000000,0.990064,26.802678,-4.160905
7.469,-2.686050,-3.134025,3.926991,0.302463,-2.000000,0.000000,0.977154,26.942963,-4.069411
7.479,-2.682979,-3.154025,3.926991,0.307085,-2.000000,0.000000,0.964106,27.072411,-3.975926
7.489,-2.679862,-3.174025,3.926991,0.311712,-2.000000,0.000000,0.950919,27.190967,-3.880487
7.499,-2.676699,-3.194025,3.926991,0.316342,-2.000000,0.000000,0.937592,27.298580,-3.783133
7.509,-2.673489,-3.214025,3.926991,0.320976,-2.000000,0.000000,0.924126,27.395206,-3.683904
7.519,-2.670233,-3.234025,3.926991,0.325613,-2.000000,0.000000,0.910520,27.480804,-3.582838
7.529,-2.666930,-3.254025,3.926991,0.330254,-2.000000,0.000000,0.896774,27.555337,-3.479978
7.539,-2.663581,-3.274025,3.926991,0.334898,-2.000000,0.000000,0.882886,27.618774,-3.375365
7.549,-2.660186,-3.294025,3.926991,0.339546,-2.000000,0.000000,0.868857,27.671087,-3.269041
7.559,-2.656744,-3.314025,3.926991,0.344196,-2.000000,0.000000,0.854687,27.712253,-3.161050
7.569,-2.653255,-3.334025,3.926991,0.348849,-2.000000,0.000000,0.840375,27.742254,-3.051435
7.579,-2.649720,-3.354025,3.926991,0.353504,-2.000000,0.000000,0.825920,27.761078,-2.940241
7.589,-2.646139,-3.374025,3.926991,0.358162,-2.000000,0.000000,0.811322,27.768713,-2.827513
7.599,-2.642510,-3.394025,3.926991,0.362821,-2.000000,0.000000,0.796581,27.765157,-2.713297
7.609,-2.638836,-3.414025,3.926991,0.367482,-2.000000,0.000000,0.781696,27.750409,-2.597640
7.619,-2.635114,-3.434025,3.926991,0.372145,-2.000000,0.000000,0.766667,27.724474,-2.480588
7.629,-2.631346,-3.454025,3.926991,0.376807,-2.000000,0.000000,0.751494,27.687361,-2.362190
7.639,-2.627531,-3.474025,3.926991,0.381470,-2.000000,0.000000,0.736176,27.639082,-2.242493
7.649,-2.623670,-3.494025,3.926991,0.386133,-2.000000,0.000000,0.720712,27.579658,-2.121547
7.659,-2.619762,-3.514025,3.926991,0.390795,-2.000000,0.000000,0.705103,27.509109,-1.999401
7.669,-2.615808,-3.534025,3.926991,0.395455,-2.000000,0.000000,0.689348,27.427464,-1.876105
7.679,-2.611806,-3.554025,3.926991,0.400112,-2.000000,0.000000,0.673446,27.334754,-1.751708
7.689,-2.607759,-3.574025,3.926991,0.404767,-2.000000,0.000000,0.657397,27.231014,-1.626263
7.699,-2.603665,-3.594025,3.926991,0.409418,-2.000000,0.000000,0.641201,27.116286,-1.499820
7.709,-2.599524,-3.614025,3.926991,0.414063,-2.000000,0.000000,0.624857,26.990614,-1.372430
7.719,-2.595337,-3.634025,3.926991,0.418703,-2.000000,0.000000,0.608365,26.854048,-1.244147
7.729,-2.591104,-3.654025,3.926991,0.423336,-2.000000,0.000000,0.591725,26.706641,-1.115021
7.739,-2.586824,-3.674025,3.926991,0.427961,-2.000000,0.000000,0.574935,26.548451,-0.985107
7.749,-2.582498,-3.694025,3.926991,0.432577,-2.000000,0.000000,0.557997,26.379541,-0.854458
7.759,-2.578126,-3.714025,3.926991,0.437182,-2.000000,0.000000,0.540908,26.199977,-0.723126
7.769,-2.573709,-3.734025,3.926991,0.441775,-2.000000,0.000000,0.523670,26.009830,-0.591166
7.779,-2.569245,-3.754025,3.926991,0.446355,-2.000000,0.000000,0.506281,25.809175,-0.458631
7.789,-2.564736,-3.774025,3.926991,0.450920,-2.000000,0.000000,0.488741,25.598093,-0.325576
7.799,-2.560181,-3.794025,3.926991,0.455468,-2.000000,0.000000,0.471049,25.376665,-0.192055
7.809,-2.555581,-3.814025,3.926991,0.459998,-2.000000,0.000000,0.453206,25.144980,-0.058122
7.819,-2.550936,-3.834025,3.926983,0.464493,-2.000000,-0.000826,0.435211,24.836273,-0.007469
7.829,-2.546247,-3.854025,3.926953,0.468942,-2.000000,-0.002980,0.417063,24.476278,-0.007156
7.839,-2.541513,-3.874025,3.926888,0.473341,-2.000000,-0.006465,0.398762,24.104955,-0.006840
7.849,-2.536737,-3.894025,3.926775,0.477688,-2.000000,-0.011286,0.380308,23.722452,-0.006522
7.859,-2.531917,-3.914025,3.926601,0.481980,-2.000000,-0.017448,0.361700,23.328919,-0.006201
7.869,-2.527498,-3.926991,3.920721,0.441856,-1.296616,-0.587948,0.342937,456.036321,-0.005879
7.879,-2.523890,-3.926991,3.904405,0.360786,-0.000000,-1.631643,0.324021,820.968580,-0.005553
7.889,-2.520282,-3.926991,3.888070,0.360855,-0.000000,-1.633457,0.304949,22.685570,-0.005226
7.899,-2.516673,-3.926991,3.871707,0.360877,-0.000000,-1.636357,0.285722,22.694612,-0.004896
7.909,-2.513065,-3.926991,3.855303,0.360852,-0.000000,-1.640346,0.266339,22.702210,-0.004563
7.919,-2.509457,-3.926991,3.838849,0.360779,-0.000000,-1.645424,0.246800,22.708312,-0.004228
7.929,-2.505850,-3.926991,3.822333,0.360660,-0.000000,-1.651593,0.227104,22.712863,-0.003890
7.939,-2.502245,-3.926991,3.805745,0.360494,-0.000000,-1.658856,0.207251,22.715806,-0.003550
7.949,-2.498642,-3.926991,3.789072,0.360280,-0.000000,-1.667215,0.187241,22.717080,-0.003207
7.959,-2.495042,-3.926991,3.772306,0.360019,-0.000000,-1.676674,0.167073,22.716623,-0.002861
7.969,-2.491445,-3.926991,3.755433,0.359711,-0.000000,-1.687235,0.146747,22.714368,-0.002513
7.979,-2.487852,-3.926991,3.738444,0.359356,-0.000000,-1.698903,0.126262,22.710246,-0.002162
7.989,-2.484262,-3.926991,3.721327,0.358955,-0.000000,-1.711681,0.105618,22.704185,-0.001809
7.999,-2.480677,-3.926991,3.704072,0.358507,-0.000000,-1.725575,0.084815,22.696108,-0.001452
8.009,-2.477097,-3.926991,3.686666,0.358014,-0.000000,-1.740589,0.063852,22.685936,-0.001093
8.019,-2.473522,-3.926991,3.669099,0.357475,-0.000000,-1.756727,0.042729,22.673585,-0.000732
8.029,-2.469953,-3.926991,3.651359,0.356891,-0.000000,-1.773996,0.021445,22.658969,-0.000367
8.039,-2.466390,-3.926991,3.633435,0.356263,-0.000000,-1.792400,0.000000,22.641997,0.000000
8.049,-2.462834,-3.926991,3.615315,0.355626,-0.000000,-1.811945,0.000000,22.623638,0.000000
8.059,-2.459284,-3.926991,3.596989,0.354981,-0.000000,-1.832637,0.000000,22.602723,0.000000
8.069,-2.455741,-3.926991,3.578444,0.354329,-0.000000,-1.854483,0.000000,22.579149,0.000000
8.079,-2.452204,-3.926991,3.559669,0.353672,-0.000000,-1.877487,0.000000,22.552814,0.000000
8.089,-2.448674,-3.926991,3.540652,0.353009,-0.000000,-1.901657,0.000000,22.523610,0.000000
8.099,-2.445151,-3.926991,3.521383,0.352344,-0.000000,-1.926998,0.000000,22.491428,-0.000000
8.109,-2.441634,-3.926991,3.501847,0.351677,-0.000000,-1.953517,0.000000,22.456158,-0.000000
8.119,-2.438124,-3.926991,3.482035,0.351009,-0.000000,-1.981219,0.000000,22.417687,0.000000
8.129,-2.434621,-3.926991,3.461934,0.350343,-0.000000,-2.010111,0.000000,22.375903,0.000000
